mads 2.1.6 build 9 (30 Aug 22)
Source: demo.asm
     1 				 ; .loadsym "C:\Users\Stephen\source\repos\My Atari 8-bit code\37Balls\out\demo.lab"
     2 				;-----------------------------------------------------------------------------
     3 				; Memory Map
     4 				;-----------------------------------------------------------------------------
     5 				; VBXE RAM Usage ($80 banks, 4kB each)
     6 				; MEMAC_A is set to $2000, with a 4kB window, CPU only
     7
     8 				; VRAM is wasting a tremendous amount of space in order for faster & simpler code
     9 				; Currently, with 256 pixel wide screen:
    10 				;	$00400        = XDL_Attribute (Colour Map on)
    11 				;	$00415        = XDL_Normal (Colour Map off)
    12 				;	$00500        = BCBs
    13 				;	$20000        = Screen 1
    14 				;	$40000        = Screen 2
    15 				;	$60000-$72BFF = Colour Map Data
    16
    17 				;-----------------------------------------------------------------------------
    18 				;  HARDWARE EQUATES
    19 				;-----------------------------------------------------------------------------
    20 				    icl 'equates.asm'
Source: equates.asm
     1 				; OS Vectors
     2 = 0000			LINZBS      equ $00						; Word
     3 = 0002			CASINI      equ $02						; Word
     4 = 0004			RAMLO       equ $04						; Word
     5 = 0006			TRAMSZ      equ $06
     6 = 0007			TSTDAT      equ $07
     7 = 0008			WARMST      equ $08
     8 = 0009			BOOT        equ $09
     9 = 000A			DOSVEC      equ $0A						; Word
    10 = 000C			DOSINI      equ $0C						; Word
    11 = 000E			APPMHI      equ $0E						; Word
    12 = 0010			POKMSK      equ $10
    13 = 0011			BRKKEY      EQU $11
    14 = 0012			RTCLOK      equ $12						; $12, $13, $14 are used
    15 = 0015			BUFADR      equ $15						; Word
    16 = 0017			ICCOMT      equ $17
    17 = 0018			DSKFMS      equ $18						; Word
    18 = 001A			DSKUTL      equ $1A						; Word
    19 = 001C			PTIMOT      equ $1C
    20 = 001D			PBPNT       equ $1D
    21 = 001E			PBUFSZ      equ $1E
    22 = 001F			PTEMP       equ $1F
    23 = 0020			ICHIDZ      equ $20
    24 = 0021			ICDNOZ      equ $21
    25 = 0022			ICCOMZ      equ $22
    26 = 0023			ICSTAZ      equ $23
    27 = 0024			ICBALZ      equ $24
    28 = 0025			ICBAHZ      equ $25
    29 = 0026			ICPTLZ      equ $26
    30 = 0027			ICPTHZ      equ $27
    31 = 0028			ICBLLZ      equ $28
    32 = 0029			ICBLHZ      equ $29
    33 = 002A			ICAX1Z      equ $2A
    34 = 002B			ICAX2Z      equ $2B
    35 = 002C			ICAX3Z      equ $2C
    36 = 002D			ICAX4Z      equ $2D
    37 = 002E			ICAX5Z      equ $2E
    38 = 002F			ICAX6Z      equ $2F
    39 = 0030			STATUS      equ $30
    40 = 0031			CHKSUM      equ $31
    41 = 0032			BUFRLO      equ $32
    42 = 0033			BUFRHI      equ $33
    43 = 0034			BFENLO      equ $34
    44 = 0035			BFENHI      equ $35
    45 = 0036			CRETRY      equ $36
    46 = 0037			DRETRY      equ $37
    47 = 0038			BUFRFL      equ $38
    48 = 0039			RECVDN      equ $39
    49 = 003A			XMTDON      equ $3A
    50 = 003B			CHKSNT      equ $3B
    51 = 003C			NOCKSUM     equ $3C
    52 = 003D			BPTR        equ $3D
    53 = 003E			FTYPE       equ $3E
    54 = 003F			FEOF        equ $3F
    55 = 0040			FREQ        equ $40
    56 = 0041			SOUNDR      equ $41						; 0 = quiet SIO, 1 = loud SIO
    57 = 0042			CRITIC      equ $42
    58 = 0043			FMZSPG      equ $43						; 7 bytes FMS registers
    59 = 0043			ZBUFP       equ $43						; Word
    60 = 0045			ZDRVA       equ $45						; Word
    61 = 0047			ZSBA        equ $47						; Word
    62 = 0049			ERRNO       equ $49
    63 = 004A			CKEY        equ $4A
    64 = 004B			CASSBT      equ $4B
    65 = 004C			DSTAT       equ $4C
    66 = 004D			ATRACT      equ $4D
    67 = 004E			DRKMSK      equ $4E
    68 = 004F			COLRSH      equ $4F
    69 = 0050			TEMP        equ $50
    70 = 0051			HOLD1       equ $51
    71 = 0052			LMARGIN     equ $52
    72 = 0053			RMARGIN     equ $53
    73 = 0054			ROWCRS      equ $54
    74 = 0055			COLCRS      equ $55						; $55-$56
    75 = 0057			DINDEX      equ $57						; Display Mode
    76 = 0058			SAVMSC      equ $58						; $58-$59
    77 = 005A			OLDROW      equ $5A
    78 = 005B			OLDCOL      equ $5B						; Word
    79 = 005D			OLDCHR      equ $5D
    80 = 005E			OLDADR      equ $5E						; Word
    81 = 0060			NEWROW      equ $60
    82 = 0061			NEWCOL      equ $61						; Word
    83 = 0063			LOGCOL      equ $63
    84 = 0064			ADRESS      equ $64						; Word
    85 = 0066			MLTTMP      equ $66						; Word
    86 = 0068			SAVADR      equ $68						; Word
    87 = 006A			RAMTOP      equ $6A
    88 = 006B			BUFCNT      equ $6B
    89 = 006C			BUFSTR      equ $6C						; Word
    90 = 006E			BITMSK      equ $6E
    91 = 006F			SHFAMT      equ $6F
    92 = 0070			ROLAC       equ $70						; Word
    93 = 0072			COLAC       equ $72						; Word
    94 = 0074			ENDPT       equ $74						; Word
    95 = 0076			DELATR      equ $76
    96 = 0077			DELTAC      equ $77						; Word
    97 = 0079			ROWINC      equ $79
    98 = 007A			COLINC      equ $7A
    99 = 007B			SWPFLG      equ $7B
   100 = 007C			HOLDCH      equ $7C
   101 = 007D			INSDAT      equ $7D
   102 				;---------------------------------------
   103 				; Mapping Atari Page 26 Starts Here
   104 				;      RESUME ENTERING DATA HERE
   105 				;---------------------------------------
   106 = 007E			COUNTR      equ $7E						; Word
   107 				; $D4-$FF reserved for Floating Point routines
   108 = 00D4			FR0         equ $D4						; $D4-$D9 6-byte BCD Floating Point Register 0
   109 				; $DA-$DF free?
   110 = 00E0			FR1         equ $E0						; $E0-$E5 6-byte BCD Floating Point Register 1
   111 = 00E6			FR2         equ $E6						; $E6-$EB 6-byte BCD Floating Point Register 2
   112 = 00EC			FRX         equ $EC						; Spare FP register
   113 = 00ED			EEXP        equ $ED						; Value of exponent
   114 = 00EE			NSIGN       equ $EE						; Sign of the Floating Point number
   115 = 00EF			ESIGN       equ $EF						; Sign of the exponent
   116 = 00F0			FCHRFLG     equ $F0						; First character flag
   117 = 00F1			DIGRT       equ $F1						; Number of digits to right of decimal
   118 = 00F2			CIX         equ $F2						; Character Input indeX - offset into INBUFF
   119 = 00F3			INBUFF      equ $F3						; $F3-$F4 Input ASCII pointer.  Result output buffer is $580-$5FF
   120 = 00F3			INBUFF_LO   equ $F3						; $F3-$F4 Input ASCII pointer.  Result output buffer is $580-$5FF
   121 = 00F4			INBUFF_HI   equ $F4						; $F3-$F4 Input ASCII pointer.  Result output buffer is $580-$5FF
   122 = 00F5			ZTEMP1      equ $F5						; $F5-$F6 Temp register
   123 = 00F7			ZTEMP4      equ $F7						; $F7-$F8 Temp register
   124 = 00F9			ZTEMP3      equ $F9						; $F9-$FA Temp register
   125 = 00FB			RADFLG      equ $FB						; When 0 use Radians (default OS value) else Degrees
   126 = 00FC			FLPTR       equ $FC						; $FC-$FD Pointer to user's Floating Point number 1
   127 = 00FE			FPTR2       equ $FE						; $FE-$FF Pointer to user's Floating Point number 2
   128 				; $0100-$01FF Stack
   129 = 0200			VDSLST      equ $0200					; Vector to Display List Interrupt routine (Word)
   130 = 0202			VPRCED      equ $0202					; Word
   131 = 0204			VINTER      equ $0204					; Word
   132 = 0206			VBREAK      equ $0206					; Word
   133 = 0208			VKEYBD      equ $0208					; Word
   134 = 020A			VSERIN      equ $020A					; Word
   135 = 020C			VSEROR      equ $020C					; Word
   136 = 020E			VSEROC      equ $020E					; Word
   137 = 0210			VTIMR1      equ $0210					; Word
   138 = 0212			VTIMR2      equ $0212					; Word
   139 = 0214			VTIMR4      equ $0214					; Word
   140 = 0216			VIMIRQ      equ $0216					; Word
   141 = 0218			CDTMV1      equ $0218					; Word
   142 = 021A			CDTMV2      equ $021A					; Word
   143 = 021C			CDTMV3      equ $021C					; Word
   144 = 021E			CDTMV4      equ $021E					; Word
   145 = 0220			CDTMV5      equ $0220					; Word
   146 = 0222			VVBLKI      equ $0222					; Word
   147 = 0224			VVBLKD      equ $0224					; Word
   148 = 0226			CDTMA1      equ $0226					; Word
   149 = 0228			CDTMA2      equ $0228					; Word
   150 = 022A			CDTMF3      equ $022A
   151 = 022B			SRTIMR      equ $022B
   152 = 022C			CDTMF4      equ $022C
   153 = 022D			INTEMP      equ $022D
   154 = 022E			CDTMF5      equ $022E
   155 = 022F			SDMCTL      equ $022F
   156 = 0230			SDLSTL      equ $0230					; Word
   157 = 0231			SDLSTH      equ $0231
   158 				;---------------------------------------
   159 				; Mapping Atari Page 48 Starts Here
   160 				;      RESUME ENTERING DATA HERE
   161 				;---------------------------------------
   162 = 026F			GPRIOR      equ $026F
   163 = 0284			STRIG0      equ $0284					; 0 = Pressed, 1 = Released
   164 = 0285			STRIG1      equ $0285					; 0 = Pressed, 1 = Released
   165 = 0286			STRIG2      equ $0286					; 0 = Pressed, 1 = Released
   166 = 0287			STRIG3      equ $0287					; 0 = Pressed, 1 = Released
   167 = 0290			TXTROW      equ $0290
   168 = 0291			TXTCOL      equ $0291					; Word
   169 = 02C0			PCOLR0      equ $02C0					; Shadows for $2C0 -> $D012 - $2C8 -> $D01A
   170 = 02C1			PCOLR1      equ $02C1
   171 = 02C2			PCOLR2      equ $02C2
   172 = 02C3			PCOLR3      equ $02C3
   173 = 02C4			COLOR0      equ $02C4
   174 = 02C5			COLOR1      equ $02C5					; Text      in GR.0
   175 = 02C6			COLOR2      equ $02C6					; Playfield in GR.0
   176 = 02C7			COLOR3      equ $02C7
   177 = 02C8			COLOR4      equ $02C8					; Border    in GR.0
   178 = 02D9			KRPDEL      equ $02D9					; Auto Repeat Delay
   179 = 02DA			KEYREP      equ $02DA					; Auto Repeat Rate
   180 = 02DB			NOCLIK      equ $02DB					; Key Click Disable Flag
   181 = 02DC			HELPFLG     equ $02DC					; Help Key Flag
   182 = 02E4			RAMSIZ      equ $02E4					; RAM Size (Hi Byte)
   183 = 02E5			MEMTOP      equ $02E5					; Word Top of user RAM
   184 = 02E7			MEMLO       equ $02E7					; Word Bottom of user RAM
   185 = 02EA			DVSTAT      equ $02EA					; 4-byte Device Status for IOCB
   186 = 02F0			CRSINH      equ $02F0					; Cursor Inhibit (0 = On)
   187 = 02F3			CHACT       equ $02F3					; Shadow for CHACTL
   188 = 02F4			CHBASE      equ $02F4
   189 = 02FE			DSPFLG      equ $02FE					; Display control chars is non-zero
   190 = 02FC			CH          equ $02FC					; Last Key Pressed
   191
   192 				; DCB (Device Control Block) for SIO
   193 = 0300			DDEVIC      equ $0300
   194 = 0301			DUNIT       equ $0301
   195 = 0302			DCOMND      equ $0302
   196 = 0303			DSTATS      equ $0303
   197 = 0304			DBUFLO      equ $0304
   198 = 0305			DBUFHI      equ $0305
   199 = 0306			DTIMLO      equ $0306
   200 = 0307			DUNUSE      equ $0307
   201 = 0308			DBYTLO      equ $0308
   202 = 0309			DBYTHI      equ $0309
   203 = 030A			DAUX1       equ $030A
   204 = 030B			DAUX2       equ $030B
   205 = 030C			TIMER1      equ $030C					; Word
   206 = 031A			HATABS      equ $031A
   207
   208 				/*
   209 				$0340-$034F: IOCB For Channel 0
   210 				$0350-$035F: IOCB For Channel 1
   211 				$0360-$036F: IOCB For Channel 2
   212 				$0370-$037F: IOCB For Channel 3
   213 				$0380-$038F: IOCB For Channel 4
   214 				$0390-$039F: IOCB For Channel 5
   215 				$03A0-$03AF: IOCB For Channel 6
   216 				$03B0-$03BF: IOCB For Channel 7
   217 				*/
   217
   218
   219 = 0340			ICHID       equ $0340					; Index into device name
   220 = 0341			ICDNO       equ $0341					; Device #
   221 = 0342			ICCOM       equ $0342					; Command
   222 = 0342			ICCMD       equ $0342					; Command
   223 = 0343			ICSTA       equ $0343					; Most recent device status
   224 = 0344			ICBAL       equ $0344					; Buffer for data transfer or address of filename for OPEN
   225 = 0345			ICBAH       equ $0345					; Buffer for data transfer or address of filename for OPEN
   226 = 0346			ICPTL       equ $0346					; Address of PUT-one-byte routine minus one
   227 = 0347			ICPTH       equ $0347					; Address of PUT-one-byte routine minus one
   228 = 0348			ICBLL       equ $0348					; Buffer length, max # bytes to PUT or GET
   229 = 0349			ICBLH       equ $0349					; Buffer length, max # bytes to PUT or GET
   230 = 034A			ICAX1       equ $034A					; Auxiliary Byte 1
   231 = 034B			ICAX2       equ $034B					; Auxiliary Byte 2
   232 = 034C			ICAX3       equ $034C					; Auxiliary Byte 3
   233 = 034D			ICAX4       equ $034D					; Auxiliary Byte 4
   234 = 034E			ICAX5       equ $034E					; Auxiliary Byte 5
   235 = 034F			ICAX6       equ $034F					; Auxiliary Byte 6
   236
   237 = 03F8			BASICF      equ $03F8					; Shadow for BASIC Status: 0 = ROM Enabled
   238
   239 = 0580			LINBUFF     equ $0580					; FP ASCII output buffer, $580-$5FF
   240
   241 				;-----------------------------------------------------------------------------
   242 				;  HARDWARE EQUATES
   243 				;-----------------------------------------------------------------------------
   244 				; GTIA (D000-D0FF)
   245 = D000			HPOSP0      equ $D000
   246 = D001			HPOSP1      equ $D001
   247 = D002			HPOSP2      equ $D002
   248 = D003			HPOSP3      equ $D003
   249 = D004			HPOSM0      equ $D004
   250 = D005			HPOSM1      equ $D005
   251 = D006			HPOSM2      equ $D006
   252 = D007			HPOSM3      equ $D007
   253 = D008			SIZEP0      equ $D008
   254 = D009			SIZEP1      equ $D009
   255 = D00A			SIZEP2      equ $D00A
   256 = D00B			SIZEP3      equ $D00B
   257 = D00C			SIZEM       equ $D00C
   258 = D00D			GRAFP0      equ $D00D					; W
   259 = D00D			P1PL        equ $D00D					; R
   260 = D00E			GRAFP1      equ $D00E					; W
   261 = D00E			P2PL        equ $D00E					; R
   262 = D00F			GRAFP2      equ $D00F					; W
   263 = D00F			P3PL        equ $D00F					; R
   264 = D010			GRAFP3      equ $D010					; W
   265 = D010			TRIG0       equ $D010					; R
   266 = D011			GRAFM       equ $D011					; W
   267 = D011			TRIG1       equ $D011					; R
   268 = D012			COLPM0      equ $D012					; Shadowed to $D012 -> $2C0 - $D01A -> $2C8
   269 = D013			COLPM1      equ $D013
   270 = D014			COLPM2      equ $D014
   271 = D015			COLPM3      equ $D015
   272 = D016			COLPF0      equ $D016
   273 = D017			COLPF1      equ $D017
   274 = D018			COLPF2      equ $D018
   275 = D019			COLPF3      equ $D019
   276 = D01A			COLBAK      equ $D01A
   277 = D01B			PRIOR       equ $D01B
   278 = D01D			GRACTL      equ $D01D
   279 = D01F			CONSOL      equ $D01F
   280
   281 				; POKEY (D200-D2FF)
   282 = D200			AUDF1       equ $D200					; W
   283 = D200			POT0        equ $D200					; R
   284 = D201			AUDC1       equ $D201
   285 = D209			STIMER      equ $D209					; W
   286 = D209			KBCODE      equ $D209					; R
   287 = D20F			SKSTAT      equ $D20F
   288 = D20A			RANDOM      equ $D20A
   289 = D20E			IRQEN       equ $D20E
   290
   291 				; PIA (D300-D3FF)
   292 = D300			PORTA       equ $D300
   293 = D301			PORTB       equ $D301
   294 = D302			PACTL       equ $D302
   295 = D303			PBCTL       equ $D303
   296 				; $D304-$D3FF continually repeat $D300-$D304
   297
   298 				; ANTIC (D400-D5FF)
   299 = D400			DMACTL      equ $D400
   300 = D401			CHACTL      equ $D401
   301 = D402			DLISTL      equ $D402
   302 = D403			DLISTH      equ $D403
   303 = D404			HSCROL      equ $D404
   304 = D405			VSCROL      equ $D405
   305 = D407			PMBASE      equ $D407
   306 = D40A			WSYNC       equ $D40A
   307 = D40B			VCOUNT      equ $D40B
   308 = D40E			NMIEN       equ $D40E
   309 = D40F			NMIST       equ $D40F
   310
   311 				; FP ROM ($D800-$DFFF)
   312 = D800			AFP         equ $D800					; ASCII to FP
   313 = D8E6			FASC        equ $D8E6					; FP to ASCII
   314 = D9AA			IFP         equ $D9AA					; Integer to FP
   315 = D9D2			FPI         equ $D9D2					; FP to integer
   316 = DA44			ZFR0        equ $DA44					; Clear FR0
   317 = DA46			ZF1         equ $DA46					; Clear zero page FP buffer
   318 = DA60			FSUB        equ $DA60					; FR0 - FR1
   319 = DA66			FADD        equ $DA66					; FR0 + FR1
   320 = DADB			FMUL        equ $DADB					; FR0 * FR1
   321 = DB28			FDIV        equ $DB28					; FR0 / FR1
   322 = DD40			PLYEVL      equ $DD40					; Polynomial evaluation
   323 = DD89			FLD0R       equ $DD89					; Load FR0 by X,Y register pointer
   324 = DD8D			FLD0P       equ $DD8D					; Load FR0 by FLPTR pointer
   325 = DD98			FLD1R       equ $DD98					; Load FR1 by X,Y register pointer
   326 = DD9C			FLD1P       equ $DD9C					; Load FR1 by FLPTR pointer
   327 = DDA7			FST0R       equ $DDA7					; Store FR0 at buffer by X,Y register pointer
   328 = DDAB			FST1P       equ $DDAB					; Store FR0 at buffer by FLPTR pointer
   329 = DDB6			FMOVE       equ $DDB6					; Move FR0 to FR1
   330 = DDC0			EXP         equ $DDC0					; E exponentiation
   331 = DDCC			EXP10       equ $DDCC					; Base 10 exponentiation
   332 = DECD			LOG         equ $DECD					; Natural log of FR0
   333 = DED1			LOG10       equ $DED1					; Base 10 log of FR0
   334
   335 				; ROM Vectors
   336 = E456			CIOV        equ $E456
   337 = E459			SIOV        equ $E459
   338 = E45C			SETVBV      equ $E45C					; Set system timers and interrupt vectors
   339 = E45F			SYSVBV      equ $E45F					; Stage one VBLANK calculations entry point
   340 = E462			XITVBV      equ $E462					; Exit VBLANK routine entry point
   341 = E471			BLKBDV      equ $E471					; Memo Pad Vector
   342 = E474			WARMSV      equ $E474					; Warm Reset Vector
   343 = E477			COLDSV      equ $E477					; Cold Reset Vector
    21
    22 				;-----------------------------------------------------------------------------
    23 				; Structure Declarations
    24 				;-----------------------------------------------------------------------------
    25 				.struct Sprite
    26 = 0000				X_Pos_Frac .byte					; Horizontal position (Fractional) sprite1
    27 = 0001				X_Pos_Lo .byte						; Horizontal position sprite1
    28 = 0002				X_Pos_Hi .byte						; Horizontal position sprite1 (Valid Values 0-319)
    29 = 0003				Y_Pos_Frac .byte					; Vertical position (Fractional) sprite1
    30 = 0004				Y_Pos .byte							; Vertical position sprite1 (valid values 0-239)
    31 = 0005				Delta_X_Sign .byte					; X-Delta Sign (toggles betwen $00:Right, $FF:Left)
    32 = 0006				Delta_X_Frac .byte					; Fractional X-Delta
    33 = 0007				Delta_X .byte						; X-Delta (Valid Values) (+ = move right, - = move left)
    34 = 0008				Delta_Y_Sign .byte					; Y-Delta Sign (toggles betwen $00:Down, $FF:Up)
    35 = 0009				Delta_Y_Frac .byte					; Fractional Y-Delta
    36 = 000A				Delta_Y .byte						; Y-Delta (Valid Values) (+ = move down, - = move up)
    37 				.ends
    38
    39 				;-----------------------------------------------------------------------------
    40 				; Variables go here
    41 				;-----------------------------------------------------------------------------
    42 				; Page 0 user data ($80 to $FF with some reserved for OS)
    43 				.zpvar Reg1				.byte			; Multi-Use Variables
    44 				.zpvar Reg2				.byte			; Multi-Use Variables
    45 				.zpvar Reg3				.byte			; Multi-Use Variables
    46 				.zpvar Reg4				.byte			; Multi-Use Variables
    47 				.zpvar Reg5				.byte			; Multi-Use Variables
    48 				.zpvar Reg6				.byte			; Multi-Use Variables
    49 				.zpvar Reg7				.byte			; Multi-Use Variables
    50 				.zpvar Reg8				.byte			; Multi-Use Variables
    51 				.zpvar Ptr_Lo			.byte			; Lo byte of pointer
    52 				.zpvar Ptr_Hi			.byte			; Hi byte of pointer
    53 				.zpvar Do_Motion		.byte			; Allows pausing motion for the initial start
    54 				.zpvar Num_Sprites		.byte			; Keeps track of the number of sprites we are displaying
    55
    56 				; Non Page-0 Variables
    57 				;	$480 to $4FF free
    58 				;	$600 to $6FF free
    59 				; When using PMG the 1st $300 bytes are always free
    60 				.var SDMCTL_OLD			.byte = $480	; Save DMA
    61 				.var CRSINH_OLD			.byte = $481	; Save CRSINH (Mouse Pointer)
    62 				.var LMARGIN_OLD		.byte = $482	; Save LMARGIN
    63 				.var COLOR1_OLD			.byte = $483	; Save COLOR1
    64 				.var COLOR2_OLD			.byte = $484	; Save COLOR2
    65 				.var SDLSTL_OLD			.byte = $485	; Save the Display List Pointer
    66 				.var SDLSTH_OLD			.byte = $486	; Save the Display List Pointer
    67 				.var Video_Flag			.byte = $487	; PAL = 0, NTSC = 1
    68 				.var Colour_Map_On		.byte = $488	; Non-zero when XDL_Attribute (Colour Map) is the active XDL
    69
    70 				;-----------------------------------------------------------------------------
    71 				; Rasta Music Tracker Stuff
    72 				;-----------------------------------------------------------------------------
    73 = 0080			REG1
    73 = 0081			REG2
    73 = 0082			REG3
    73 = 0083			REG4
    73 = 0084			REG5
    73 = 0085			REG6
    73 = 0086			REG7
    73 = 0087			REG8
    73 = 0088			PTR_LO
    73 = 0089			PTR_HI
    73 = 008A			DO_MOTION
    73 = 008B			NUM_SPRITES
    73 = 0480			SDMCTL_OLD
    73 = 0481			CRSINH_OLD
    73 = 0482			LMARGIN_OLD
    73 = 0483			COLOR1_OLD
    73 = 0484			COLOR2_OLD
    73 = 0485			SDLSTL_OLD
    73 = 0486			SDLSTH_OLD
    73 = 0487			VIDEO_FLAG
    73 = 0488			COLOUR_MAP_ON
    73 					org $4400
    74 					.proc music
    75 = 0000			STEREOMODE				equ $00
    76 = 4400			init_song				equ RASTERMUSICTRACKER+0
    77 = 4403			play					equ RASTERMUSICTRACKER+3
    78 = 4409			silence					equ RASTERMUSICTRACKER+9
    79
    80 					icl 'Assets\Atari_Led.feat'
Source: Atari_Led.feat
     1 				;* --------BEGIN--------
     2 				;* C:\Users\Stephen\source\repos\My Atari 8-bit code\37Balls\Assets\Atari_Led-Stripped.rmt
     3 = 0000			FEAT_SFX		equ 0
     4 = 0000			FEAT_GLOBALVOLUMEFADE	equ 0		;RMTGLOBALVOLUMEFADE variable
     5 = 0000			FEAT_NOSTARTINGSONGLINE	equ 0
     6 = 0001			FEAT_INSTRSPEED		equ 1
     7 = 0000			FEAT_CONSTANTSPEED		equ 0		;(448 times)
     8 = 0001			FEAT_COMMAND1		equ 1		;(15 times)
     9 = 0000			FEAT_COMMAND2		equ 0		;(0 times)
    10 = 0000			FEAT_COMMAND3		equ 0		;(0 times)
    11 = 0000			FEAT_COMMAND4		equ 0		;(0 times)
    12 = 0000			FEAT_COMMAND5		equ 0		;(0 times)
    13 = 0000			FEAT_COMMAND6		equ 0		;(0 times)
    14 = 0000			FEAT_COMMAND7SETNOTE		equ 0		;(0 times)
    15 = 0000			FEAT_COMMAND7VOLUMEONLY		equ 0		;(0 times)
    16 = 0000			FEAT_PORTAMENTO		equ 0		;(0 times)
    17 = 0000			FEAT_FILTER		equ 0		;(0 times)
    18 = 0000			FEAT_FILTERG0L		equ 0		;(0 times)
    19 = 0000			FEAT_FILTERG1L		equ 0		;(0 times)
    20 = 0000			FEAT_FILTERG0R		equ 0		;(0 times)
    21 = 0000			FEAT_FILTERG1R		equ 0		;(0 times)
    22 = 0000			FEAT_BASS16		equ 0		;(0 times)
    23 = 0000			FEAT_BASS16G1L		equ 0		;(0 times)
    24 = 0000			FEAT_BASS16G3L		equ 0		;(0 times)
    25 = 0000			FEAT_BASS16G1R		equ 0		;(0 times)
    26 = 0000			FEAT_BASS16G3R		equ 0		;(0 times)
    27 = 0000			FEAT_VOLUMEONLYG0L		equ 0		;(0 times)
    28 = 0000			FEAT_VOLUMEONLYG2L		equ 0		;(0 times)
    29 = 0000			FEAT_VOLUMEONLYG3L		equ 0		;(0 times)
    30 = 0000			FEAT_VOLUMEONLYG0R		equ 0		;(0 times)
    31 = 0000			FEAT_VOLUMEONLYG2R		equ 0		;(0 times)
    32 = 0000			FEAT_VOLUMEONLYG3R		equ 0		;(0 times)
    33 = 0000			FEAT_TABLETYPE		equ 0		;(0 times)
    34 = 0000			FEAT_TABLEMODE		equ 0		;(0 times)
    35 = 0000			FEAT_TABLEGO		equ 0		;(0 times)
    36 = 0000			FEAT_AUDCTLMANUALSET		equ 0		;(0 times)
    37 = 0000			FEAT_VOLUMEMIN		equ 0		;(0 times)
    38 = 0001			FEAT_EFFECTVIBRATO		equ 1		;(1 times)
    39 = 0000			FEAT_EFFECTFSHIFT		equ 0		;(0 times)
    40 				;* --------END--------
    81 				player
    82 					icl 'rmt_player.asm'				; Include RMT player routine
Source: rmt_player.asm
     1 				;*
     2 				;* Raster Music Tracker, RMT Atari routine version 1.20090108
     3 				;* (c) Radek Sterba, Raster/C.P.U., 2002 - 2009
     4 				;* http://raster.atari.org
     5 				;*
     6 				;* Warnings:
     7 				;*
     8 				;* 1. RMT player routine needs 19 itself reserved bytes in zero page (no accessed
     9 				;*    from any other routines) as well as cca 1KB of memory before the "PLAYER"
    10 				;*    address for frequency tables and functionary variables. It's:
    11 				;*	  a) from PLAYER-$03c0 to PLAYER for stereo RMTplayer
    12 				;*    b) from PLAYER-$0320 to PLAYER for mono RMTplayer
    13 				;*
    14 				;* 2. RMT player routine MUST (!!!) be compiled from the begin of the memory page.
    15 				;*    i.e. "PLAYER" address can be $..00 only!
    16 				;*
    17 				;* 3. Because of RMTplayer provides a lot of effects, it spent a lot of CPU time.
    18 				;*
    19 				;* STEREOMODE	equ 0..3			;0 => compile RMTplayer for 4 tracks mono
    20 				;*									;1 => compile RMTplayer for 8 tracks stereo
    21 				;*									;2 => compile RMTplayer for 4 tracks stereo L1 R2 R3 L4
    22 				;*									;3 => compile RMTplayer for 4 tracks stereo L1 L2 R3 R4
    23 				;*
    24 					IFT STEREOMODE==1
    25 				TRACKS		equ 8
    26 					ELS
    27 = 0004			TRACKS		equ 4
    28 					EIF
    29 				;*
    30 				;PLAYER		equ $3400
    31 				;*
    32 				;* RMT FEATures definitions file
    33 				;* For optimizations of RMT player routine to concrete RMT modul only!
    34 				;	icl "rmt_feat.a65"
    35 				;*
    36 				;* RMT ZeroPage addresses
    37 					org 203
    38 				p_tis
    39 				p_instrstable	org *+2
    40 				p_trackslbstable	org *+2
    41 				p_trackshbstable	org *+2
    42 				p_song			org *+2
    43 				ns				org *+2
    44 				nr				org *+2
    45 				nt				org *+2
    46 				reg1			org *+1
    47 				reg2			org *+1
    48 				reg3			org *+1
    49 				tmp				org *+1
    50 					IFT FEAT_COMMAND2
    51 				frqaddcmd2		org *+1
    52 					EIF
    53 					IFT TRACKS>4
    54 					org PLAYER-$400+$40
    55 					ELS
    56 					org PLAYER-$400+$e0
    57 					EIF
    58 				track_variables
    59 				trackn_db	org *+TRACKS
    60 				trackn_hb	org *+TRACKS
    61 				trackn_idx	org *+TRACKS
    62 				trackn_pause	org *+TRACKS
    63 				trackn_note	org *+TRACKS
    64 				trackn_volume	org *+TRACKS
    65 				trackn_distor 	org *+TRACKS
    66 				trackn_shiftfrq	org *+TRACKS
    67 					IFT FEAT_PORTAMENTO
    68 				trackn_portafrqc org *+TRACKS
    69 				trackn_portafrqa org *+TRACKS
    70 				trackn_portaspeed org *+TRACKS
    71 				trackn_portaspeeda org *+TRACKS
    72 				trackn_portadepth org *+TRACKS
    73 					EIF
    74 				trackn_instrx2	org *+TRACKS
    75 				trackn_instrdb	org *+TRACKS
    76 				trackn_instrhb	org *+TRACKS
    77 				trackn_instridx	org *+TRACKS
    78 				trackn_instrlen	org *+TRACKS
    79 				trackn_instrlop	org *+TRACKS
    80 				trackn_instrreachend	org *+TRACKS
    81 				trackn_volumeslidedepth org *+TRACKS
    82 				trackn_volumeslidevalue org *+TRACKS
    83 					IFT FEAT_VOLUMEMIN
    84 				trackn_volumemin		org *+TRACKS
    85 					EIF
    86 = 0001			FEAT_EFFECTS equ FEAT_EFFECTVIBRATO||FEAT_EFFECTFSHIFT
    87 					IFT FEAT_EFFECTS
    88 				trackn_effdelay			org *+TRACKS
    89 					EIF
    90 					IFT FEAT_EFFECTVIBRATO
    91 				trackn_effvibratoa		org *+TRACKS
    92 					EIF
    93 					IFT FEAT_EFFECTFSHIFT
    94 				trackn_effshift		org *+TRACKS
    95 					EIF
    96 				trackn_tabletypespeed org *+TRACKS
    97 					IFT FEAT_TABLEMODE
    98 				trackn_tablemode	org *+TRACKS
    99 					EIF
   100 				trackn_tablenote	org *+TRACKS
   101 				trackn_tablea		org *+TRACKS
   102 				trackn_tableend		org *+TRACKS
   103 					IFT FEAT_TABLEGO
   104 				trackn_tablelop		org *+TRACKS
   105 					EIF
   106 				trackn_tablespeeda	org *+TRACKS
   107 					IFT FEAT_FILTER||FEAT_BASS16
   108 				trackn_command		org *+TRACKS
   109 					EIF
   110 					IFT FEAT_BASS16
   111 				trackn_outnote		org *+TRACKS
   112 					EIF
   113 					IFT FEAT_FILTER
   114 				trackn_filter		org *+TRACKS
   115 					EIF
   116 				trackn_audf	org *+TRACKS
   117 				trackn_audc	org *+TRACKS
   118 					IFT FEAT_AUDCTLMANUALSET
   119 				trackn_audctl	org *+TRACKS
   120 					EIF
   121 				v_aspeed		org *+1
   122 				track_endvariables
   123 						org PLAYER-$100-$140-$40+2
   124 = 000C			INSTRPAR	equ 12
   125 				tabbeganddistor
   126 FFFF> 4182-41BF> 80 00	 dta frqtabpure-frqtab,$00
   127 4184 80 20		 dta frqtabpure-frqtab,$20
   128 4186 80 40		 dta frqtabpure-frqtab,$40
   129 4188 00 C0		 dta frqtabbass1-frqtab,$c0
   130 418A 80 80		 dta frqtabpure-frqtab,$80
   131 418C 80 A0		 dta frqtabpure-frqtab,$a0
   132 418E 00 C0		 dta frqtabbass1-frqtab,$c0
   133 4190 40 C0		 dta frqtabbass2-frqtab,$c0
   134 						IFT FEAT_EFFECTVIBRATO
   135 4192 00 01 05 0B		vibtabbeg dta 0,vib1-vib0,vib2-vib0,vib3-vib0
   136 4196 00			vib0	dta 0
   137 4197 01 FF FF 01		vib1	dta 1,-1,-1,1
   138 419B 01 00 FF FF 00 01	vib2	dta 1,0,-1,-1,0,1
   139 41A1 01 01 00 FF FF FF + vib3	dta 1,1,0,-1,-1,-1,-1,0,1,1
   140 41AB			vibtabnext
   141 41AB 00					dta vib0-vib0+0
   142 41AC 02 03 04 01				dta vib1-vib0+1,vib1-vib0+2,vib1-vib0+3,vib1-vib0+0
   143 41B0 06 07 08 09 0A 05			dta vib2-vib0+1,vib2-vib0+2,vib2-vib0+3,vib2-vib0+4,vib2-vib0+5,vib2-vib0+0
   144 41B6 0C 0D 0E 0F 10 11 + 		dta vib3-vib0+1,vib3-vib0+2,vib3-vib0+3,vib3-vib0+4,vib3-vib0+5,vib3-vib0+6,vib3-vib0+7,vib3-vib0+8,vib3-vib0+9,vib3-vib0+0
   145 						EIF
   146 41C0					org PLAYER-$100-$140
   147 					IFT FEAT_BASS16
   148 				frqtabbasslo
   149 					dta $F2,$33,$96,$E2,$38,$8C,$00,$6A,$E8,$6A,$EF,$80,$08,$AE,$46,$E6
   150 					dta $95,$41,$F6,$B0,$6E,$30,$F6,$BB,$84,$52,$22,$F4,$C8,$A0,$7A,$55
   151 					dta $34,$14,$F5,$D8,$BD,$A4,$8D,$77,$60,$4E,$38,$27,$15,$06,$F7,$E8
   152 					dta $DB,$CF,$C3,$B8,$AC,$A2,$9A,$90,$88,$7F,$78,$70,$6A,$64,$5E,$00
   153 					EIF
   154 41C0					org PLAYER-$100-$100
   155 4200			frqtab
   156 					ERT [<frqtab]!=0					;* frqtab must begin at the memory page bound! (i.e. $..00 address)
   157 4200			frqtabbass1
   158 4200-42BF> BF B6 AA A1 + 	dta $BF,$B6,$AA,$A1,$98,$8F,$89,$80,$F2,$E6,$DA,$CE,$BF,$B6,$AA,$A1
   159 4210 98 8F 89 80 7A 71 + 	dta $98,$8F,$89,$80,$7A,$71,$6B,$65,$5F,$5C,$56,$50,$4D,$47,$44,$3E
   160 4220 3C 38 35 32 2F 2D + 	dta $3C,$38,$35,$32,$2F,$2D,$2A,$28,$25,$23,$21,$1F,$1D,$1C,$1A,$18
   161 4230 17 16 14 13 12 11 + 	dta $17,$16,$14,$13,$12,$11,$10,$0F,$0E,$0D,$0C,$0B,$0A,$09,$08,$07
   162 4240			frqtabbass2
   163 4240 FF F1 E4 D8 CA C0 + 	dta $FF,$F1,$E4,$D8,$CA,$C0,$B5,$AB,$A2,$99,$8E,$87,$7F,$79,$73,$70
   164 4250 66 61 5A 55 52 4B + 	dta $66,$61,$5A,$55,$52,$4B,$48,$43,$3F,$3C,$39,$37,$33,$30,$2D,$2A
   165 4260 28 25 24 21 1F 1E + 	dta $28,$25,$24,$21,$1F,$1E,$1C,$1B,$19,$17,$16,$15,$13,$12,$11,$10
   166 4270 0F 0E 0D 0C 0B 0A + 	dta $0F,$0E,$0D,$0C,$0B,$0A,$09,$08,$07,$06,$05,$04,$03,$02,$01,$00
   167 4280			frqtabpure
   168 4280 F3 E6 D9 CC C1 B5 + 	dta $F3,$E6,$D9,$CC,$C1,$B5,$AD,$A2,$99,$90,$88,$80,$79,$72,$6C,$66
   169 4290 60 5B 55 51 4C 48 + 	dta $60,$5B,$55,$51,$4C,$48,$44,$40,$3C,$39,$35,$32,$2F,$2D,$2A,$28
   170 42A0 25 23 21 1F 1D 1C + 	dta $25,$23,$21,$1F,$1D,$1C,$1A,$18,$17,$16,$14,$13,$12,$11,$10,$0F
   171 42B0 0E 0D 0C 0B 0A 09 + 	dta $0E,$0D,$0C,$0B,$0A,$09,$08,$07,$06,$05,$04,$03,$02,$01,$00,$00
   172 					IFT FEAT_BASS16
   173 				frqtabbasshi
   174 					dta $0D,$0D,$0C,$0B,$0B,$0A,$0A,$09,$08,$08,$07,$07,$07,$06,$06,$05
   175 					dta $05,$05,$04,$04,$04,$04,$03,$03,$03,$03,$03,$02,$02,$02,$02,$02
   176 					dta $02,$02,$01,$01,$01,$01,$01,$01,$01,$01,$01,$01,$01,$01,$00,$00
   177 					dta $00,$00,$00,$00,$00,$00,$00,$00,$00,$00,$00,$00,$00,$00,$00,$00
   178 					EIF
   179 42C0					org PLAYER-$0100
   180 4300			volumetab
   181 4300-4BF4> 00 00 00 00 + 	dta $00,$00,$00,$00,$00,$00,$00,$00,$00,$00,$00,$00,$00,$00,$00,$00
   182 4310 00 00 00 00 00 00 + 	dta $00,$00,$00,$00,$00,$00,$00,$00,$01,$01,$01,$01,$01,$01,$01,$01
   183 4320 00 00 00 00 01 01 + 	dta $00,$00,$00,$00,$01,$01,$01,$01,$01,$01,$01,$01,$02,$02,$02,$02
   184 4330 00 00 00 01 01 01 + 	dta $00,$00,$00,$01,$01,$01,$01,$01,$02,$02,$02,$02,$02,$03,$03,$03
   185 4340 00 00 01 01 01 01 + 	dta $00,$00,$01,$01,$01,$01,$02,$02,$02,$02,$03,$03,$03,$03,$04,$04
   186 4350 00 00 01 01 01 02 + 	dta $00,$00,$01,$01,$01,$02,$02,$02,$03,$03,$03,$04,$04,$04,$05,$05
   187 4360 00 00 01 01 02 02 + 	dta $00,$00,$01,$01,$02,$02,$02,$03,$03,$04,$04,$04,$05,$05,$06,$06
   188 4370 00 00 01 01 02 02 + 	dta $00,$00,$01,$01,$02,$02,$03,$03,$04,$04,$05,$05,$06,$06,$07,$07
   189 4380 00 01 01 02 02 03 + 	dta $00,$01,$01,$02,$02,$03,$03,$04,$04,$05,$05,$06,$06,$07,$07,$08
   190 4390 00 01 01 02 02 03 + 	dta $00,$01,$01,$02,$02,$03,$04,$04,$05,$05,$06,$07,$07,$08,$08,$09
   191 43A0 00 01 01 02 03 03 + 	dta $00,$01,$01,$02,$03,$03,$04,$05,$05,$06,$07,$07,$08,$09,$09,$0A
   192 43B0 00 01 01 02 03 04 + 	dta $00,$01,$01,$02,$03,$04,$04,$05,$06,$07,$07,$08,$09,$0A,$0A,$0B
   193 43C0 00 01 02 02 03 04 + 	dta $00,$01,$02,$02,$03,$04,$05,$06,$06,$07,$08,$09,$0A,$0A,$0B,$0C
   194 43D0 00 01 02 03 03 04 + 	dta $00,$01,$02,$03,$03,$04,$05,$06,$07,$08,$09,$0A,$0A,$0B,$0C,$0D
   195 43E0 00 01 02 03 04 05 + 	dta $00,$01,$02,$03,$04,$05,$06,$07,$07,$08,$09,$0A,$0B,$0C,$0D,$0E
   196 43F0 00 01 02 03 04 05 + 	dta $00,$01,$02,$03,$04,$05,$06,$07,$08,$09,$0A,$0B,$0C,$0D,$0E,$0F
   197 4400				org PLAYER
   198 				;*
   199 				;* Set of RMT main vectors:
   200 				;*
   201 4400			RASTERMUSICTRACKER
   202 4400 4C 0F 44			jmp rmt_init
   203 4403 4C C1 45			jmp rmt_play
   204 4406 4C DB 45			jmp rmt_p3
   205 4409 4C 4F 44			jmp rmt_silence
   206 440C 4C E2 46			jmp SetPokey
   207 					IFT FEAT_SFX
   208 					jmp rmt_sfx							;* A=note(0,..,60),X=channel(0,..,3 or 0,..,7),Y=instrument*2(0,2,4,..,126)
   209 					EIF
   210 440F			rmt_init
   211 440F 86 D3			stx ns
   212 4411 84 D4			sty ns+1
   213 					IFT FEAT_NOSTARTINGSONGLINE==0
   214 4413 48				pha
   215 					EIF
   216 					IFT track_endvariables-track_variables>255
   217 					ldy #0
   218 					tya
   219 				ri0	sta track_variables,y
   220 					sta track_endvariables-$100,y
   221 					iny
   222 					bne ri0
   223 					ELS
   224 4414 A0 69			ldy #track_endvariables-track_variables
   225 4416 A9 00			lda #0
   226 4418 99 DF 40		ri0	sta track_variables-1,y
   227 441B 88				dey
   228 441C D0 FA			bne ri0
   229 					EIF
   230 441E A0 04			ldy #4
   231 4420 B1 D3			lda (ns),y
   232 4422 8D CF 45			sta v_maxtracklen
   233 4425 C8				iny
   234 					IFT FEAT_CONSTANTSPEED==0
   235 4426 B1 D3			lda (ns),y
   236 4428 8D B5 44			sta v_speed
   237 					EIF
   238 					IFT FEAT_INSTRSPEED==0
   239 					iny
   240 					lda (ns),y
   241 					sta v_instrspeed
   242 					sta v_ainstrspeed
   243 					ELI FEAT_INSTRSPEED>1
   244 					lda #FEAT_INSTRSPEED
   245 					sta v_ainstrspeed
   246 					EIF
   247 442B A0 08			ldy #8
   248 442D B1 D3		ri1	lda (ns),y
   249 442F 99 C3 00			sta p_tis-8,y
   250 4432 C8				iny
   251 4433 C0 10			cpy #8+8
   252 4435 D0 F6			bne ri1
   253 					IFT FEAT_NOSTARTINGSONGLINE==0
   254 4437 68				pla
   255 4438 48				pha
   256 					IFT TRACKS>4
   257 					asl @
   258 					asl @
   259 					asl @
   260 					clc
   261 					adc p_song
   262 					sta p_song
   263 					pla
   264 					php
   265 					and #$e0
   266 					asl @
   267 					rol @
   268 					rol @
   269 					rol @
   270 					ELS
   271 4439 0A				asl @
   272 443A 0A				asl @
   273 443B 18				clc
   274 443C 65 D1			adc p_song
   275 443E 85 D1			sta p_song
   276 4440 68				pla
   277 4441 08				php
   278 4442 29 C0			and #$c0
   279 4444 0A				asl @
   280 4445 2A				rol @
   281 4446 2A				rol @
   282 					EIF
   283 4447 28				plp
   284 4448 65 D2			adc p_song+1
   285 444A 85 D2			sta p_song+1
   286 					EIF
   287 444C 20 64 44			jsr GetSongLineTrackLineInitOfNewSetInstrumentsOnlyRmtp3
   288 444F			rmt_silence
   289 					IFT STEREOMODE>0
   290 					lda #0
   291 					sta $d208
   292 					sta $d218
   293 					ldy #3
   294 					sty $d20f
   295 					sty $d21f
   296 					ldy #8
   297 				si1	sta $d200,y
   298 					sta $d210,y
   299 					dey
   300 					bpl si1
   301 					ELS
   302 444F A9 00			lda #0
   303 4451 8D 08 D2			sta $d208
   304 4454 A0 03			ldy #3
   305 4456 8C 0F D2			sty $d20f
   306 4459 A0 08			ldy #8
   307 445B 99 00 D2		si1	sta $d200,y
   308 445E 88				dey
   309 445F 10 FA			bpl si1
   310 					EIF
   311 					IFT FEAT_INSTRSPEED==0
   312 					lda v_instrspeed
   313 					ELS
   314 4461 A9 01			lda #FEAT_INSTRSPEED
   315 					EIF
   316 4463 60				rts
   317 4464			GetSongLineTrackLineInitOfNewSetInstrumentsOnlyRmtp3
   318 4464			GetSongLine
   319 4464 A2 00			ldx #0
   320 4466 8E CD 45			stx v_abeat
   321 4469			nn0
   322 4469 8A			nn1	txa
   323 446A A8				tay
   324 446B B1 D1			lda (p_song),y
   325 446D C9 FE			cmp #$fe
   326 446F B0 2D			bcs nn2
   327 4471 A8				tay
   328 4472 B1 CD			lda (p_trackslbstable),y
   329 4474 9D E0 40			sta trackn_db,x
   330 4477 B1 CF			lda (p_trackshbstable),y
   331 4479 9D E4 40		nn1a sta trackn_hb,x
   332 447C A9 00			lda #0
   333 447E 9D E8 40			sta trackn_idx,x
   334 4481 A9 01			lda #1
   335 4483 9D EC 40		nn1a2 sta trackn_pause,x
   336 4486 A9 80			lda #$80
   337 4488 9D 00 41			sta trackn_instrx2,x
   338 448B E8				inx
   339 448C E0 04		xtracks01	cpx #TRACKS
   340 448E D0 D9			bne nn1
   341 4490 A5 D1			lda p_song
   342 4492 18				clc
   343 4493 69 04		xtracks02	adc #TRACKS
   344 4495 85 D1			sta p_song
   345 4497 90 1B			bcc GetTrackLine
   346 4499 E6 D2			inc p_song+1
   347 449B			nn1b
   348 449B 4C B4 44			jmp GetTrackLine
   349 449E			nn2
   350 449E F0 04			beq nn3
   351 44A0			nn2a
   352 44A0 A9 00			lda #0
   353 44A2 F0 DF			beq nn1a2
   354 44A4			nn3
   355 44A4 A0 02			ldy #2
   356 44A6 B1 D1			lda (p_song),y
   357 44A8 AA				tax
   358 44A9 C8				iny
   359 44AA B1 D1			lda (p_song),y
   360 44AC 85 D2			sta p_song+1
   361 44AE 86 D1			stx p_song
   362 44B0 A2 00			ldx #0
   363 44B2 F0 B5			beq nn0
   364 44B4			GetTrackLine
   365 44B4			oo0
   366 44B4			oo0a
   367 					IFT FEAT_CONSTANTSPEED==0
   368 44B4 A9 FF			lda #$ff
   369 = 44B5			v_speed equ *-1
   370 44B6 8D 08 45			sta v_bspeed
   371 					EIF
   372 44B9 A2 FF			ldx #-1
   373 44BB			oo1
   374 44BB E8				inx
   375 44BC DE EC 40			dec trackn_pause,x
   376 44BF D0 42			bne oo1x
   377 44C1			oo1b
   378 44C1 BD E0 40			lda trackn_db,x
   379 44C4 85 D3			sta ns
   380 44C6 BD E4 40			lda trackn_hb,x
   381 44C9 85 D4			sta ns+1
   382 44CB			oo1i
   383 44CB BC E8 40			ldy trackn_idx,x
   384 44CE FE E8 40			inc trackn_idx,x
   385 44D1 B1 D3			lda (ns),y
   386 44D3 85 D9			sta reg1
   387 44D5 29 3F			and #$3f
   388 44D7 C9 3D			cmp #61
   389 44D9 F0 0E			beq oo1a
   390 44DB B0 35			bcs oo2
   391 44DD 9D F0 40			sta trackn_note,x
   392 					IFT FEAT_BASS16
   393 					sta trackn_outnote,x
   394 					EIF
   395 44E0 C8				iny
   396 44E1 B1 D3			lda (ns),y
   397 44E3 4A				lsr @
   398 44E4 29 7E			and #$3f*2
   399 44E6 9D 00 41			sta trackn_instrx2,x
   400 44E9			oo1a
   401 44E9 A9 01			lda #1
   402 44EB 9D EC 40			sta trackn_pause,x
   403 44EE BC E8 40			ldy trackn_idx,x
   404 44F1 FE E8 40			inc trackn_idx,x
   405 44F4 B1 D3			lda (ns),y
   406 44F6 4A				lsr @
   407 44F7 66 D9			ror reg1
   408 44F9 4A				lsr @
   409 44FA 66 D9			ror reg1
   410 44FC A5 D9			lda reg1
   411 					IFT FEAT_GLOBALVOLUMEFADE
   412 					sec
   413 					sbc #$00
   414 				RMTGLOBALVOLUMEFADE equ *-1
   415 					bcs voig
   416 					lda #0
   417 				voig
   418 					EIF
   419 44FE 29 F0			and #$f0
   420 4500 9D F4 40			sta trackn_volume,x
   421 4503			oo1x
   422 4503 E0 03		xtracks03sub1	cpx #TRACKS-1
   423 4505 D0 B4			bne oo1
   424 					IFT FEAT_CONSTANTSPEED==0
   425 4507 A9 FF			lda #$ff
   426 = 4508			v_bspeed equ *-1
   427 4509 8D B5 44			sta v_speed
   428 					ELS
   429 					lda #FEAT_CONSTANTSPEED
   430 					EIF
   431 450C 8D 48 41			sta v_aspeed
   432 450F 4C 57 45			jmp InitOfNewSetInstrumentsOnly
   433 4512			oo2
   434 4512 C9 3F			cmp #63
   435 4514 F0 1B			beq oo63
   436 4516 A5 D9			lda reg1
   437 4518 29 C0			and #$c0
   438 451A F0 09			beq oo62_b
   439 451C 0A				asl @
   440 451D 2A				rol @
   441 451E 2A				rol @
   442 451F 9D EC 40			sta trackn_pause,x
   443 4522 4C 03 45			jmp oo1x
   444 4525			oo62_b
   445 4525 C8				iny
   446 4526 B1 D3			lda (ns),y
   447 4528 9D EC 40			sta trackn_pause,x
   448 452B FE E8 40			inc trackn_idx,x
   449 452E 4C 03 45			jmp oo1x
   450 4531			oo63
   451 4531 A5 D9			lda reg1
   452 					IFT FEAT_CONSTANTSPEED==0
   453 4533 30 0C			bmi oo63_1X
   454 4535 C8				iny
   455 4536 B1 D3			lda (ns),y
   456 4538 8D 08 45			sta v_bspeed
   457 453B FE E8 40			inc trackn_idx,x
   458 453E 4C CB 44			jmp oo1i
   459 4541			oo63_1X
   460 					EIF
   461 4541 C9 FF			cmp #255
   462 4543 F0 09			beq oo63_11
   463 4545 C8				iny
   464 4546 B1 D3			lda (ns),y
   465 4548 9D E8 40			sta trackn_idx,x
   466 454B 4C CB 44			jmp oo1i
   467 454E			oo63_11
   468 454E 4C 64 44			jmp GetSongLine
   469 4551 4C DB 45		p2xrmtp3	jmp rmt_p3
   470 4554 CA			p2x0 dex
   471 4555 30 FA			 bmi p2xrmtp3
   472 4557			InitOfNewSetInstrumentsOnly
   473 4557 BC 00 41		p2x1 ldy trackn_instrx2,x
   474 455A 30 F8			bmi p2x0
   475 					IFT FEAT_SFX
   476 					jsr SetUpInstrumentY2
   477 					jmp p2x0
   478 				rmt_sfx
   479 					sta trackn_note,x
   480 					IFT FEAT_BASS16
   481 					sta trackn_outnote,x
   482 					EIF
   483 					lda #$f0							;* sfx note volume*16
   484 				RMTSFXVOLUME equ *-1					;* label for sfx note volume parameter overwriting
   485 					sta trackn_volume,x
   486 					EIF
   487 455C			SetUpInstrumentY2
   488 455C B1 CB			lda (p_instrstable),y
   489 455E 9D 04 41			sta trackn_instrdb,x
   490 4561 85 D7			sta nt
   491 4563 C8				iny
   492 4564 B1 CB			lda (p_instrstable),y
   493 4566 9D 08 41			sta trackn_instrhb,x
   494 4569 85 D8			sta nt+1
   495 					IFT FEAT_FILTER
   496 					lda #1
   497 					sta trackn_filter,x
   498 					EIF
   499 					IFT FEAT_TABLEGO
   500 					IFT FEAT_FILTER
   501 					tay
   502 					ELS
   503 					ldy #1
   504 					EIF
   505 					lda (nt),y
   506 					sta trackn_tablelop,x
   507 					iny
   508 					ELS
   509 456B A0 02			ldy #2
   510 					EIF
   511 456D B1 D7			lda (nt),y
   512 456F 9D 10 41			sta trackn_instrlen,x
   513 4572 C8				iny
   514 4573 B1 D7			lda (nt),y
   515 4575 9D 14 41			sta trackn_instrlop,x
   516 4578 C8				iny
   517 4579 B1 D7			lda (nt),y
   518 457B 9D 2C 41			sta trackn_tabletypespeed,x
   519 					IFT FEAT_TABLETYPE||FEAT_TABLEMODE
   520 					and #$3f
   521 					EIF
   522 457E 9D 3C 41			sta trackn_tablespeeda,x
   523 					IFT FEAT_TABLEMODE
   524 					lda (nt),y
   525 					and #$40
   526 					sta trackn_tablemode,x
   527 					EIF
   528 					IFT FEAT_AUDCTLMANUALSET
   529 					iny
   530 					lda (nt),y
   531 					sta trackn_audctl,x
   532 					iny
   533 					ELS
   534 4581 A0 06			ldy #6
   535 					EIF
   536 4583 B1 D7			lda (nt),y
   537 4585 9D 1C 41			sta trackn_volumeslidedepth,x
   538 					IFT FEAT_VOLUMEMIN
   539 					iny
   540 					lda (nt),y
   541 					sta trackn_volumemin,x
   542 					IFT FEAT_EFFECTS
   543 					iny
   544 					EIF
   545 					ELS
   546 					IFT FEAT_EFFECTS
   547 4588 A0 08			ldy #8
   548 					EIF
   549 					EIF
   550 					IFT FEAT_EFFECTS
   551 458A B1 D7			lda (nt),y
   552 458C 9D 24 41			sta trackn_effdelay,x
   553 					IFT FEAT_EFFECTVIBRATO
   554 458F C8				iny
   555 4590 B1 D7			lda (nt),y
   556 4592 A8				tay
   557 4593 B9 92 41			lda vibtabbeg,y
   558 4596 9D 28 41			sta trackn_effvibratoa,x
   559 					EIF
   560 					IFT FEAT_EFFECTFSHIFT
   561 					ldy #10
   562 					lda (nt),y
   563 					sta trackn_effshift,x
   564 					EIF
   565 					EIF
   566 4599 A9 80			lda #128
   567 459B 9D 20 41			sta trackn_volumeslidevalue,x
   568 459E 9D 00 41			sta trackn_instrx2,x
   569 45A1 0A				asl @
   570 45A2 9D 18 41			sta trackn_instrreachend,x
   571 45A5 9D FC 40			sta trackn_shiftfrq,x
   572 45A8 A8				tay
   573 45A9 B1 D7			lda (nt),y
   574 45AB 9D 38 41			sta trackn_tableend,x
   575 45AE 69 00			adc #0
   576 45B0 9D 0C 41			sta trackn_instridx,x
   577 45B3 A9 0C			lda #INSTRPAR
   578 45B5 9D 34 41			sta trackn_tablea,x
   579 45B8 A8				tay
   580 45B9 B1 D7			lda (nt),y
   581 45BB 9D 30 41			sta trackn_tablenote,x
   582 45BE			xata_rtshere
   583 					IFT FEAT_SFX
   584 					rts
   585 					ELS
   586 45BE 4C 54 45			jmp p2x0
   587 					EIF
   588 45C1			rmt_play
   589 45C1			rmt_p0
   590 45C1 20 E2 46			jsr SetPokey
   591 45C4			rmt_p1
   592 					IFT FEAT_INSTRSPEED==0||FEAT_INSTRSPEED>1
   593 					dec v_ainstrspeed
   594 					bne rmt_p3
   595 					EIF
   596 					IFT FEAT_INSTRSPEED==0
   597 					lda #$ff
   598 				v_instrspeed	equ *-1
   599 					sta v_ainstrspeed
   600 					ELI FEAT_INSTRSPEED>1
   601 					lda #FEAT_INSTRSPEED
   602 					sta v_ainstrspeed
   603 					EIF
   604 45C4			rmt_p2
   605 45C4 CE 48 41			dec v_aspeed
   606 45C7 D0 12			bne rmt_p3
   607 45C9 EE CD 45			inc v_abeat
   608 45CC A9 FF			lda #$ff
   609 = 45CD			v_abeat equ *-1
   610 45CE C9 FF			cmp #$ff
   611 = 45CF			v_maxtracklen equ *-1
   612 45D0 F0 03			beq p2o3
   613 45D2 4C B4 44			jmp GetTrackLine
   614 45D5			p2o3
   615 45D5 4C 64 44			jmp GetSongLineTrackLineInitOfNewSetInstrumentsOnlyRmtp3
   616 45D8 4C D1 46		go_ppnext	jmp ppnext
   617 45DB			rmt_p3
   618 45DB A9 42			lda #>frqtab
   619 45DD 85 D6			sta nr+1
   620 45DF A2 03		xtracks05sub1	ldx #TRACKS-1
   621 45E1			pp1
   622 45E1 BD 08 41			lda trackn_instrhb,x
   623 45E4 F0 F2			beq go_ppnext
   624 45E6 85 D4			sta ns+1
   625 45E8 BD 04 41			lda trackn_instrdb,x
   626 45EB 85 D3			sta ns
   627 45ED BC 0C 41			ldy trackn_instridx,x
   628 45F0 B1 D3			lda (ns),y
   629 45F2 85 D9			sta reg1
   630 45F4 C8				iny
   631 45F5 B1 D3			lda (ns),y
   632 45F7 85 DA			sta reg2
   633 45F9 C8				iny
   634 45FA B1 D3			lda (ns),y
   635 45FC 85 DB			sta reg3
   636 45FE C8				iny
   637 45FF 98				tya
   638 4600 DD 10 41			cmp trackn_instrlen,x
   639 4603 90 0A			bcc pp2
   640 4605 F0 08			beq pp2
   641 4607 A9 80			lda #$80
   642 4609 9D 18 41			sta trackn_instrreachend,x
   643 460C			pp1b
   644 460C BD 14 41			lda trackn_instrlop,x
   645 460F 9D 0C 41		pp2	sta trackn_instridx,x
   646 4612 A5 D9			lda reg1
   647 					IFT TRACKS>4
   648 					cpx #4
   649 					bcc pp2s
   650 					lsr @
   651 					lsr @
   652 					lsr @
   653 					lsr @
   654 				pp2s
   655 					EIF
   656 4614 29 0F			and #$0f
   657 4616 1D F4 40			ora trackn_volume,x
   658 4619 A8				tay
   659 461A B9 00 43			lda volumetab,y
   660 461D 85 DC			sta tmp
   661 461F A5 DA			lda reg2
   662 4621 29 0E			and #$0e
   663 4623 A8				tay
   664 4624 B9 82 41			lda tabbeganddistor,y
   665 4627 85 D5			sta nr
   666 4629 A5 DC			lda tmp
   667 462B 19 83 41			ora tabbeganddistor+1,y
   668 462E 9D 44 41			sta trackn_audc,x
   669 4631			InstrumentsEffects
   670 					IFT FEAT_EFFECTS
   671 4631 BD 24 41			lda trackn_effdelay,x
   672 4634 F0 1D			beq ei2
   673 4636 C9 01			cmp #1
   674 4638 D0 16			bne ei1
   675 463A BD FC 40			lda trackn_shiftfrq,x
   676 					IFT FEAT_EFFECTFSHIFT
   677 					clc
   678 					adc trackn_effshift,x
   679 					EIF
   680 					IFT FEAT_EFFECTVIBRATO
   681 463D 18				clc
   682 463E BC 28 41			ldy trackn_effvibratoa,x
   683 4641 79 96 41			adc vib0,y
   684 					EIF
   685 4644 9D FC 40			sta trackn_shiftfrq,x
   686 					IFT FEAT_EFFECTVIBRATO
   687 4647 B9 AB 41			lda vibtabnext,y
   688 464A 9D 28 41			sta trackn_effvibratoa,x
   689 					EIF
   690 464D 4C 53 46			jmp ei2
   691 4650			ei1
   692 4650 DE 24 41			dec trackn_effdelay,x
   693 4653			ei2
   694 					EIF
   695 4653 BC 38 41			ldy trackn_tableend,x
   696 4656 C0 0D			cpy #INSTRPAR+1
   697 4658 90 30			bcc ei3
   698 465A BD 3C 41			lda trackn_tablespeeda,x
   699 465D 10 25			bpl ei2f
   700 465F			ei2c
   701 465F 98				tya
   702 4660 DD 34 41			cmp trackn_tablea,x
   703 4663 D0 07			bne ei2c2
   704 					IFT FEAT_TABLEGO
   705 					lda trackn_tablelop,x
   706 					ELS
   707 4665 A9 0C			lda #INSTRPAR
   708 					EIF
   709 4667 9D 34 41			sta trackn_tablea,x
   710 466A D0 03			bne ei2a
   711 466C			ei2c2
   712 466C FE 34 41			inc trackn_tablea,x
   713 466F			ei2a
   714 466F BD 04 41			lda trackn_instrdb,x
   715 4672 85 D7			sta nt
   716 4674 BD 08 41			lda trackn_instrhb,x
   717 4677 85 D8			sta nt+1
   718 4679 BC 34 41			ldy trackn_tablea,x
   719 467C B1 D7			lda (nt),y
   720 					IFT FEAT_TABLEMODE
   721 					ldy trackn_tablemode,x
   722 					beq ei2e
   723 					clc
   724 					adc trackn_tablenote,x
   725 				ei2e
   726 					EIF
   727 467E 9D 30 41			sta trackn_tablenote,x
   728 4681 BD 2C 41			lda trackn_tabletypespeed,x
   729 					IFT FEAT_TABLETYPE||FEAT_TABLEMODE
   730 					and #$3f
   731 					EIF
   732 4684			ei2f
   733 4684 38				sec
   734 4685 E9 01			sbc #1
   735 4687 9D 3C 41			sta trackn_tablespeeda,x
   736 468A			ei3
   737 468A BD 18 41			lda trackn_instrreachend,x
   738 468D 10 18			bpl ei4
   739 468F BD F4 40			lda trackn_volume,x
   740 4692 F0 13			beq ei4
   741 					IFT FEAT_VOLUMEMIN
   742 					cmp trackn_volumemin,x
   743 					beq ei4
   744 					bcc ei4
   745 					EIF
   746 4694 A8				tay
   747 4695 BD 20 41			lda trackn_volumeslidevalue,x
   748 4698 18				clc
   749 4699 7D 1C 41			adc trackn_volumeslidedepth,x
   750 469C 9D 20 41			sta trackn_volumeslidevalue,x
   751 469F 90 06			bcc ei4
   752 46A1 98				tya
   753 46A2 E9 10			sbc #16
   754 46A4 9D F4 40			sta trackn_volume,x
   755 46A7			ei4
   756 					IFT FEAT_COMMAND2
   757 					lda #0
   758 					sta frqaddcmd2
   759 					EIF
   760 					IFT FEAT_COMMAND1||FEAT_COMMAND2||FEAT_COMMAND3||FEAT_COMMAND4||FEAT_COMMAND5||FEAT_COMMAND6||FEAT_COMMAND7SETNOTE||FEAT_COMMAND7VOLUMEONLY
   761 46A7 A5 DA			lda reg2
   762 					IFT FEAT_FILTER||FEAT_BASS16
   763 					sta trackn_command,x
   764 					EIF
   765 46A9 29 70			and #$70
   766 					IFT 1==[FEAT_COMMAND1+FEAT_COMMAND2+FEAT_COMMAND3+FEAT_COMMAND4+FEAT_COMMAND5+FEAT_COMMAND6+[FEAT_COMMAND7SETNOTE||FEAT_COMMAND7VOLUMEONLY]]
   767 46AB F0 05			beq cmd0
   768 					ELS
   769 					lsr @
   770 					lsr @
   771 					sta jmx+1
   772 				jmx	bcc *
   773 					jmp cmd0
   774 					nop
   775 					jmp cmd1
   776 					IFT FEAT_COMMAND2||FEAT_COMMAND3||FEAT_COMMAND4||FEAT_COMMAND5||FEAT_COMMAND6||FEAT_COMMAND7SETNOTE||FEAT_COMMAND7VOLUMEONLY
   777 					nop
   778 					jmp cmd2
   779 					EIF
   780 					IFT FEAT_COMMAND3||FEAT_COMMAND4||FEAT_COMMAND5||FEAT_COMMAND6||FEAT_COMMAND7SETNOTE||FEAT_COMMAND7VOLUMEONLY
   781 					nop
   782 					jmp cmd3
   783 					EIF
   784 					IFT FEAT_COMMAND4||FEAT_COMMAND5||FEAT_COMMAND6||FEAT_COMMAND7SETNOTE||FEAT_COMMAND7VOLUMEONLY
   785 					nop
   786 					jmp cmd4
   787 					EIF
   788 					IFT FEAT_COMMAND5||FEAT_COMMAND6||FEAT_COMMAND7SETNOTE||FEAT_COMMAND7VOLUMEONLY
   789 					nop
   790 					jmp cmd5
   791 					EIF
   792 					IFT FEAT_COMMAND6||FEAT_COMMAND7SETNOTE||FEAT_COMMAND7VOLUMEONLY
   793 					nop
   794 					jmp cmd6
   795 					EIF
   796 					IFT FEAT_COMMAND7SETNOTE||FEAT_COMMAND7VOLUMEONLY
   797 					nop
   798 					jmp cmd7
   799 					EIF
   800 					EIF
   801 					ELS
   802 					IFT FEAT_FILTER||FEAT_BASS16
   803 					lda reg2
   804 					sta trackn_command,x
   805 					EIF
   806 					EIF
   807 46AD			cmd1
   808 					IFT FEAT_COMMAND1
   809 46AD A5 DB			lda reg3
   810 46AF 4C CE 46			jmp cmd0c
   811 					EIF
   812 46B2			cmd2
   813 					IFT FEAT_COMMAND2
   814 					lda reg3
   815 					sta frqaddcmd2
   816 					lda trackn_note,x
   817 					jmp cmd0a
   818 					EIF
   819 46B2			cmd3
   820 					IFT FEAT_COMMAND3
   821 					lda trackn_note,x
   822 					clc
   823 					adc reg3
   824 					sta trackn_note,x
   825 					jmp cmd0a
   826 					EIF
   827 46B2			cmd4
   828 					IFT FEAT_COMMAND4
   829 					lda trackn_shiftfrq,x
   830 					clc
   831 					adc reg3
   832 					sta trackn_shiftfrq,x
   833 					lda trackn_note,x
   834 					jmp cmd0a
   835 					EIF
   836 46B2			cmd5
   837 					IFT FEAT_COMMAND5&&FEAT_PORTAMENTO
   838 					IFT FEAT_TABLETYPE
   839 					lda trackn_tabletypespeed,x
   840 					bpl cmd5a1
   841 					ldy trackn_note,x
   842 					lda (nr),y
   843 					clc
   844 					adc trackn_tablenote,x
   845 					jmp cmd5ax
   846 					EIF
   847 				cmd5a1
   848 					lda trackn_note,x
   849 					clc
   850 					adc trackn_tablenote,x
   851 					cmp #61
   852 					bcc cmd5a2
   853 					lda #63
   854 				cmd5a2
   855 					tay
   856 					lda (nr),y
   857 				cmd5ax
   858 					sta trackn_portafrqc,x
   859 					ldy reg3
   860 					bne cmd5a
   861 					sta trackn_portafrqa,x
   862 				cmd5a
   863 					tya
   864 					lsr @
   865 					lsr @
   866 					lsr @
   867 					lsr @
   868 					sta trackn_portaspeed,x
   869 					sta trackn_portaspeeda,x
   870 					lda reg3
   871 					and #$0f
   872 					sta trackn_portadepth,x
   873 					lda trackn_note,x
   874 					jmp cmd0a
   875 					ELI FEAT_COMMAND5
   876 					lda trackn_note,x
   877 					jmp cmd0a
   878 					EIF
   879 46B2			cmd6
   880 					IFT FEAT_COMMAND6&&FEAT_FILTER
   881 					lda reg3
   882 					clc
   883 					adc trackn_filter,x
   884 					sta trackn_filter,x
   885 					lda trackn_note,x
   886 					jmp cmd0a
   887 					ELI FEAT_COMMAND6
   888 					lda trackn_note,x
   889 					jmp cmd0a
   890 					EIF
   891 46B2			cmd7
   892 					IFT FEAT_COMMAND7SETNOTE||FEAT_COMMAND7VOLUMEONLY
   893 					IFT FEAT_COMMAND7SETNOTE
   894 					lda reg3
   895 					IFT FEAT_COMMAND7VOLUMEONLY
   896 					cmp #$80
   897 					beq cmd7a
   898 					EIF
   899 					sta trackn_note,x
   900 					jmp cmd0a
   901 					EIF
   902 					IFT FEAT_COMMAND7VOLUMEONLY
   903 				cmd7a
   904 					lda trackn_audc,x
   905 					ora #$f0
   906 					sta trackn_audc,x
   907 					lda trackn_note,x
   908 					jmp cmd0a
   909 					EIF
   910 					EIF
   911 46B2			cmd0
   912 46B2 BD F0 40			lda trackn_note,x
   913 46B5 18				clc
   914 46B6 65 DB			adc reg3
   915 46B8			cmd0a
   916 					IFT FEAT_TABLETYPE
   917 					ldy trackn_tabletypespeed,x
   918 					bmi cmd0b
   919 					EIF
   920 46B8 18				clc
   921 46B9 7D 30 41			adc trackn_tablenote,x
   922 46BC C9 3D			cmp #61
   923 46BE 90 07			bcc cmd0a1
   924 46C0 A9 00			lda #0
   925 46C2 9D 44 41			sta trackn_audc,x
   926 46C5 A9 3F			lda #63
   927 46C7			cmd0a1
   928 					IFT FEAT_BASS16
   929 					sta trackn_outnote,x
   930 					EIF
   931 46C7 A8				tay
   932 46C8 B1 D5			lda (nr),y
   933 46CA 18				clc
   934 46CB 7D FC 40			adc trackn_shiftfrq,x
   935 					IFT FEAT_COMMAND2
   936 					clc
   937 					adc frqaddcmd2
   938 					EIF
   939 					IFT FEAT_TABLETYPE
   940 					jmp cmd0c
   941 				cmd0b
   942 					cmp #61
   943 					bcc cmd0b1
   944 					lda #0
   945 					sta trackn_audc,x
   946 					lda #63
   947 				cmd0b1
   948 					tay
   949 					lda trackn_shiftfrq,x
   950 					clc
   951 					adc trackn_tablenote,x
   952 					clc
   953 					adc (nr),y
   954 					IFT FEAT_COMMAND2
   955 					clc
   956 					adc frqaddcmd2
   957 					EIF
   958 					EIF
   959 46CE			cmd0c
   960 46CE 9D 40 41			sta trackn_audf,x
   961 46D1			pp9
   962 					IFT FEAT_PORTAMENTO
   963 					lda trackn_portaspeeda,x
   964 					beq pp10
   965 					dec trackn_portaspeeda,x
   966 					bne pp10
   967 					lda trackn_portaspeed,x
   968 					sta trackn_portaspeeda,x
   969 					lda trackn_portafrqa,x
   970 					cmp trackn_portafrqc,x
   971 					beq pp10
   972 					bcs pps1
   973 					adc trackn_portadepth,x
   974 					bcs pps8
   975 					cmp trackn_portafrqc,x
   976 					bcs pps8
   977 					jmp pps9
   978 				pps1
   979 					sbc trackn_portadepth,x
   980 					bcc pps8
   981 					cmp trackn_portafrqc,x
   982 					bcs pps9
   983 				pps8
   984 					lda trackn_portafrqc,x
   985 				pps9
   986 					sta trackn_portafrqa,x
   987 				pp10
   988 					lda reg2
   989 					and #$01
   990 					beq pp11
   991 					lda trackn_portafrqa,x
   992 					clc
   993 					adc trackn_shiftfrq,x
   994 					sta trackn_audf,x
   995 				pp11
   996 					EIF
   997 46D1			ppnext
   998 46D1 CA				dex
   999 46D2 30 03			bmi rmt_p4
  1000 46D4 4C E1 45			jmp pp1
  1001 46D7			rmt_p4
  1002 					IFT FEAT_AUDCTLMANUALSET
  1003 					lda trackn_audctl+0
  1004 					ora trackn_audctl+1
  1005 					ora trackn_audctl+2
  1006 					ora trackn_audctl+3
  1007 					tax
  1008 					ELS
  1009 46D7 A2 00			ldx #0
  1010 					EIF
  1011 46D9			qq1
  1012 46D9 8E E3 46			stx v_audctl
  1013 					IFT FEAT_FILTER
  1014 					IFT FEAT_FILTERG0L
  1015 					lda trackn_command+0
  1016 					bpl qq2
  1017 					lda trackn_audc+0
  1018 					and #$0f
  1019 					beq qq2
  1020 					lda trackn_audf+0
  1021 					clc
  1022 					adc trackn_filter+0
  1023 					sta trackn_audf+2
  1024 					IFT FEAT_COMMAND7VOLUMEONLY&&FEAT_VOLUMEONLYG2L
  1025 					lda trackn_audc+2
  1026 					and #$10
  1027 					bne qq1a
  1028 					EIF
  1029 					lda #0
  1030 					sta trackn_audc+2
  1031 				qq1a
  1032 					txa
  1033 					ora #4
  1034 					tax
  1035 					EIF
  1036 				qq2
  1037 					IFT FEAT_FILTERG1L
  1038 					lda trackn_command+1
  1039 					bpl qq3
  1040 					lda trackn_audc+1
  1041 					and #$0f
  1042 					beq qq3
  1043 					lda trackn_audf+1
  1044 					clc
  1045 					adc trackn_filter+1
  1046 					sta trackn_audf+3
  1047 					IFT FEAT_COMMAND7VOLUMEONLY&&FEAT_VOLUMEONLYG3L
  1048 					lda trackn_audc+3
  1049 					and #$10
  1050 					bne qq2a
  1051 					EIF
  1052 					lda #0
  1053 					sta trackn_audc+3
  1054 				qq2a
  1055 					txa
  1056 					ora #2
  1057 					tax
  1058 					EIF
  1059 				qq3
  1060 					IFT FEAT_FILTERG0L||FEAT_FILTERG1L
  1061 					cpx v_audctl
  1062 					bne qq5
  1063 					EIF
  1064 					EIF
  1065 					IFT FEAT_BASS16
  1066 					IFT FEAT_BASS16G1L
  1067 					lda trackn_command+1
  1068 					and #$0e
  1069 					cmp #6
  1070 					bne qq4
  1071 					lda trackn_audc+1
  1072 					and #$0f
  1073 					beq qq4
  1074 					ldy trackn_outnote+1
  1075 					lda frqtabbasslo,y
  1076 					sta trackn_audf+0
  1077 					lda frqtabbasshi,y
  1078 					sta trackn_audf+1
  1079 					IFT FEAT_COMMAND7VOLUMEONLY&&FEAT_VOLUMEONLYG0L
  1080 					lda trackn_audc+0
  1081 					and #$10
  1082 					bne qq3a
  1083 					EIF
  1084 					lda #0
  1085 					sta trackn_audc+0
  1086 				qq3a
  1087 					txa
  1088 					ora #$50
  1089 					tax
  1090 					EIF
  1091 				qq4
  1092 					IFT FEAT_BASS16G3L
  1093 					lda trackn_command+3
  1094 					and #$0e
  1095 					cmp #6
  1096 					bne qq5
  1097 					lda trackn_audc+3
  1098 					and #$0f
  1099 					beq qq5
  1100 					ldy trackn_outnote+3
  1101 					lda frqtabbasslo,y
  1102 					sta trackn_audf+2
  1103 					lda frqtabbasshi,y
  1104 					sta trackn_audf+3
  1105 					IFT FEAT_COMMAND7VOLUMEONLY&&FEAT_VOLUMEONLYG2L
  1106 					lda trackn_audc+2
  1107 					and #$10
  1108 					bne qq4a
  1109 					EIF
  1110 					lda #0
  1111 					sta trackn_audc+2
  1112 				qq4a
  1113 					txa
  1114 					ora #$28
  1115 					tax
  1116 					EIF
  1117 					EIF
  1118 46DC			qq5
  1119 46DC 8E E3 46			stx v_audctl
  1120 					IFT TRACKS>4
  1121 					IFT FEAT_AUDCTLMANUALSET
  1122 					lda trackn_audctl+4
  1123 					ora trackn_audctl+5
  1124 					ora trackn_audctl+6
  1125 					ora trackn_audctl+7
  1126 					tax
  1127 					ELS
  1128 					ldx #0
  1129 					EIF
  1130 					stx v_audctl2
  1131 					IFT FEAT_FILTER
  1132 					IFT FEAT_FILTERG0R
  1133 					lda trackn_command+0+4
  1134 					bpl qs2
  1135 					lda trackn_audc+0+4
  1136 					and #$0f
  1137 					beq qs2
  1138 					lda trackn_audf+0+4
  1139 					clc
  1140 					adc trackn_filter+0+4
  1141 					sta trackn_audf+2+4
  1142 					IFT FEAT_COMMAND7VOLUMEONLY&&FEAT_VOLUMEONLYG2R
  1143 					lda trackn_audc+2+4
  1144 					and #$10
  1145 					bne qs1a
  1146 					EIF
  1147 					lda #0
  1148 					sta trackn_audc+2+4
  1149 				qs1a
  1150 					txa
  1151 					ora #4
  1152 					tax
  1153 					EIF
  1154 				qs2
  1155 					IFT FEAT_FILTERG1R
  1156 					lda trackn_command+1+4
  1157 					bpl qs3
  1158 					lda trackn_audc+1+4
  1159 					and #$0f
  1160 					beq qs3
  1161 					lda trackn_audf+1+4
  1162 					clc
  1163 					adc trackn_filter+1+4
  1164 					sta trackn_audf+3+4
  1165 					IFT FEAT_COMMAND7VOLUMEONLY&&FEAT_VOLUMEONLYG3R
  1166 					lda trackn_audc+3+4
  1167 					and #$10
  1168 					bne qs2a
  1169 					EIF
  1170 					lda #0
  1171 					sta trackn_audc+3+4
  1172 				qs2a
  1173 					txa
  1174 					ora #2
  1175 					tax
  1176 					EIF
  1177 				qs3
  1178 					IFT FEAT_FILTERG0R||FEAT_FILTERG1R
  1179 					cpx v_audctl2
  1180 					bne qs5
  1181 					EIF
  1182 					EIF
  1183 					IFT FEAT_BASS16
  1184 					IFT FEAT_BASS16G1R
  1185 					lda trackn_command+1+4
  1186 					and #$0e
  1187 					cmp #6
  1188 					bne qs4
  1189 					lda trackn_audc+1+4
  1190 					and #$0f
  1191 					beq qs4
  1192 					ldy trackn_outnote+1+4
  1193 					lda frqtabbasslo,y
  1194 					sta trackn_audf+0+4
  1195 					lda frqtabbasshi,y
  1196 					sta trackn_audf+1+4
  1197 					IFT FEAT_COMMAND7VOLUMEONLY&&FEAT_VOLUMEONLYG0R
  1198 					lda trackn_audc+0+4
  1199 					and #$10
  1200 					bne qs3a
  1201 					EIF
  1202 					lda #0
  1203 					sta trackn_audc+0+4
  1204 				qs3a
  1205 					txa
  1206 					ora #$50
  1207 					tax
  1208 					EIF
  1209 				qs4
  1210 					IFT FEAT_BASS16G3R
  1211 					lda trackn_command+3+4
  1212 					and #$0e
  1213 					cmp #6
  1214 					bne qs5
  1215 					lda trackn_audc+3+4
  1216 					and #$0f
  1217 					beq qs5
  1218 					ldy trackn_outnote+3+4
  1219 					lda frqtabbasslo,y
  1220 					sta trackn_audf+2+4
  1221 					lda frqtabbasshi,y
  1222 					sta trackn_audf+3+4
  1223 					IFT FEAT_COMMAND7VOLUMEONLY&&FEAT_VOLUMEONLYG2R
  1224 					lda trackn_audc+2+4
  1225 					and #$10
  1226 					bne qs4a
  1227 					EIF
  1228 					lda #0
  1229 					sta trackn_audc+2+4
  1230 				qs4a
  1231 					txa
  1232 					ora #$28
  1233 					tax
  1234 					EIF
  1235 					EIF
  1236 				qs5
  1237 					stx v_audctl2
  1238 					EIF
  1239 46DF			rmt_p5
  1240 					IFT FEAT_INSTRSPEED==0||FEAT_INSTRSPEED>1
  1241 					lda #$ff
  1242 				v_ainstrspeed equ *-1
  1243 					ELS
  1244 46DF A9 01			lda #1
  1245 					EIF
  1246 46E1 60				rts
  1247 46E2			SetPokey
  1248 					IFT STEREOMODE==1					;* L1 L2 L3 L4 R1 R2 R3 R4
  1249 					ldy #$ff
  1250 				v_audctl2 equ *-1
  1251 					lda trackn_audf+0+4
  1252 					ldx trackn_audf+0
  1253 				xstastx01	sta $d210
  1254 					stx $d200
  1255 					lda trackn_audc+0+4
  1256 					ldx trackn_audc+0
  1257 				xstastx02	sta $d211
  1258 					stx $d201
  1259 					lda trackn_audf+1+4
  1260 					ldx trackn_audf+1
  1261 				xstastx03	sta $d212
  1262 					stx $d202
  1263 					lda trackn_audc+1+4
  1264 					ldx trackn_audc+1
  1265 				xstastx04	sta $d213
  1266 					stx $d203
  1267 					lda trackn_audf+2+4
  1268 					ldx trackn_audf+2
  1269 				xstastx05	sta $d214
  1270 					stx $d204
  1271 					lda trackn_audc+2+4
  1272 					ldx trackn_audc+2
  1273 				xstastx06	sta $d215
  1274 					stx $d205
  1275 					lda trackn_audf+3+4
  1276 					ldx trackn_audf+3
  1277 				xstastx07	sta $d216
  1278 					stx $d206
  1279 					lda trackn_audc+3+4
  1280 					ldx trackn_audc+3
  1281 				xstastx08	sta $d217
  1282 					stx $d207
  1283 					lda #$ff
  1284 				v_audctl equ *-1
  1285 				xstysta01	sty $d218
  1286 					sta $d208
  1287 					ELI STEREOMODE==0					;* L1 L2 L3 L4
  1288 46E2 A0 FF			ldy #$ff
  1289 = 46E3			v_audctl equ *-1
  1290 46E4 AD 40 41			lda trackn_audf+0
  1291 46E7 AE 44 41			ldx trackn_audc+0
  1292 46EA 8D 00 D2			sta $d200
  1293 46ED 8E 01 D2			stx $d201
  1294 46F0 AD 41 41			lda trackn_audf+1
  1295 46F3 AE 45 41			ldx trackn_audc+1
  1296 46F6 8D 02 D2			sta $d200+2
  1297 46F9 8E 03 D2			stx $d201+2
  1298 46FC AD 42 41			lda trackn_audf+2
  1299 46FF AE 46 41			ldx trackn_audc+2
  1300 4702 8D 04 D2			sta $d200+4
  1301 4705 8E 05 D2			stx $d201+4
  1302 4708 AD 43 41			lda trackn_audf+3
  1303 470B AE 47 41			ldx trackn_audc+3
  1304 470E 8D 06 D2			sta $d200+6
  1305 4711 8E 07 D2			stx $d201+6
  1306 4714 8C 08 D2			sty $d208
  1307 					ELI STEREOMODE==2					;* L1 R2 R3 L4
  1308 					ldy #$ff
  1309 				v_audctl equ *-1
  1310 					lda trackn_audf+0
  1311 					ldx trackn_audc+0
  1312 					sta $d200
  1313 					stx $d201
  1314 					sta $d210
  1315 					lda trackn_audf+1
  1316 					ldx trackn_audc+1
  1317 					sta $d210+2
  1318 					stx $d211+2
  1319 					lda trackn_audf+2
  1320 					ldx trackn_audc+2
  1321 					sta $d210+4
  1322 					stx $d211+4
  1323 					sta $d200+4
  1324 					lda trackn_audf+3
  1325 					ldx trackn_audc+3
  1326 					sta $d200+6
  1327 					stx $d201+6
  1328 					sta $d210+6
  1329 					sty $d218
  1330 					sty $d208
  1331 					ELI STEREOMODE==3					;* L1 L2 R3 R4
  1332 					ldy #$ff
  1333 				v_audctl equ *-1
  1334 					lda trackn_audf+0
  1335 					ldx trackn_audc+0
  1336 					sta $d200
  1337 					stx $d201
  1338 					lda trackn_audf+1
  1339 					ldx trackn_audc+1
  1340 					sta $d200+2
  1341 					stx $d201+2
  1342 					lda trackn_audf+2
  1343 					ldx trackn_audc+2
  1344 					sta $d210+4
  1345 					stx $d211+4
  1346 					sta $d200+4
  1347 					lda trackn_audf+3
  1348 					ldx trackn_audc+3
  1349 					sta $d210+6
  1350 					stx $d211+6
  1351 					sta $d200+6
  1352 					sty $d218
  1353 					sty $d208
  1354 					EIF
  1355 4717 60				rts
  1356 4718			RMTPLAYEREND
    83 4718				icl 'rmt_relocator.asm'
Source: rmt_relocator.asm
     1
     2 				/*
     3 				  RMT Relocator v1.1 (16.12.2008)
     4
     5 				  Example:
     6 						rmt_relocator 'file.rmt' , new_address
     7 				*/
     7
     8
     9 				.macro	rmt_relocator
    10 				
    11 					.get [$100] :1,0,6				// wczytujemy plik do bufora MADS'a
    12 				
    13 					ert .wget[$100] <> $FFFF , 'Bad file format'
    14 				
    15 				new_add = :2						// nowy adres dla modulu RMT
    16 				
    17 				old_add	= .wget[$102]					// stary adres modulu RMT
    18 				
    19 				length	= .wget[$104] - old_add + 1			// dlugosc pliku RMT bez naglowka DOS'u
    20 				
    21 				ofset	= new_add-old_add
    22 				
    23 					.get [old_add-6] :1
    24 				
    25 					.put[old_add-4] = .lo(new_add)				// poprawiamy nag³ówek DOS'a
    26 					.put[old_add-3] = .hi(new_add)				// tak aby zawieral informacje o nowym
    27 				
    28 					.put[old_add-2] = .lo(new_add + length - 1)		// adresie modulu RMT
    29 					.put[old_add-1] = .hi(new_add + length - 1)
    30 				
    31 				type	= .get[old_add+3]
    32 				
    33 				pinst	= .wget[old_add+8]
    34 				pltrc	= .wget[old_add+10]
    35 				phtrc	= .wget[old_add+12]
    36 				ptlst	= .wget[old_add+14]
    37 				
    38 					.put[old_add+8] = .lo(pinst+ofset)
    39 					.put[old_add+9] = .hi(pinst+ofset)
    40 				
    41 					.put[old_add+10] = .lo(pltrc+ofset)
    42 					.put[old_add+11] = .hi(pltrc+ofset)
    43 				
    44 					.put[old_add+12] = .lo(phtrc+ofset)
    45 					.put[old_add+13] = .hi(phtrc+ofset)
    46 				
    47 					.put[old_add+14] = .lo(ptlst+ofset)
    48 					.put[old_add+15] = .hi(ptlst+ofset)
    49 				
    50 				//	ISTRUMENTS
    51 					.rept (pltrc-pinst)/2
    52 					?tmp = .wget[pinst+#*2]
    53 				
    54 					.put[pinst+#*2] = .lo(?tmp+ofset)
    55 					.put[pinst+#*2+1] = .hi(?tmp+ofset)
    56 				
    57 					.endr
    58 				
    59 				//	TRACKS
    60 					.rept phtrc-pltrc
    61 					?tmp = .get[pltrc+#] + .get[phtrc+#]<<8
    62 				
    63 					ift ?tmp>0
    64 					.put[pltrc+#] = .lo(?tmp+ofset)
    65 					.put[phtrc+#] = .hi(?tmp+ofset)
    66 					eif
    67 				
    68 					.endr
    69 				
    70 				//	TRACK LIST
    71 				
    72 					ift type='8'
    73 					skip=8
    74 					els
    75 					skip=4
    76 					eif
    77 				
    78 					.rept [(old_add+length-ptlst)/skip]+1
    79 					ift .get[ptlst+#*skip]=$fe
    80 					?tmp = .get[ptlst+#*skip+2] + .get[ptlst+#*skip+3]<<8
    81 					.put[ptlst+#*skip+2] = .lo(?tmp+ofset)
    82 					.put[ptlst+#*skip+3] = .hi(?tmp+ofset)
    83 					eif
    84 					.endr
    85 				
    86 					.sav [old_add] length
    87 				.endm
    84
    85 4718			module									; Include music RMT module
    86 4718				rmt_relocator 'Assets\Atari_Led.rmt' module
Macro: MUSIC.RMT_RELOCATOR [Source: rmt_relocator.asm]
     2 4718				.get [$100] 'Assets\Atari_Led.rmt',0,6				// wczytujemy plik do bufora MADS'a
     6 = 4718			new_add = MODULE						// nowy adres dla modulu RMT
     8 = 4000			old_add	= .wget[$102]					// stary adres modulu RMT
    10 = 04DD			length	= .wget[$104] - old_add + 1			// dlugosc pliku RMT bez naglowka DOS'u
    12 = 0718			ofset	= new_add-old_add
    14 4718				.get [old_add-6] 'Assets\Atari_Led.rmt'
    16  [3FFC] 18			.put[old_add-4] = .lo(new_add)				// poprawiamy nag³ówek DOS'a
    17  [3FFD] 47			.put[old_add-3] = .hi(new_add)				// tak aby zawieral informacje o nowym
    19  [3FFE] F4			.put[old_add-2] = .lo(new_add + length - 1)		// adresie modulu RMT
    20  [3FFF] 4B			.put[old_add-1] = .hi(new_add + length - 1)
    22 = 0034			type	= .get[old_add+3]
    24 = 4010			pinst	= .wget[old_add+8]
    25 = 4028			pltrc	= .wget[old_add+10]
    26 = 4033			phtrc	= .wget[old_add+12]
    27 = 44A1			ptlst	= .wget[old_add+14]
    29  [4008] 28			.put[old_add+8] = .lo(pinst+ofset)
    30  [4009] 47			.put[old_add+9] = .hi(pinst+ofset)
    32  [400A] 40			.put[old_add+10] = .lo(pltrc+ofset)
    33  [400B] 47			.put[old_add+11] = .hi(pltrc+ofset)
    35  [400C] 4B			.put[old_add+12] = .lo(phtrc+ofset)
    36  [400D] 47			.put[old_add+13] = .hi(phtrc+ofset)
    38  [400E] B9			.put[old_add+14] = .lo(ptlst+ofset)
    39  [400F] 4B			.put[old_add+15] = .hi(ptlst+ofset)
    43 = 403E				?TMP = .WGET[PINST+#*2]
    43  [4010] 56			.PUT[PINST+#*2] = .LO(?TMP+OFSET)
    43  [4011] 47			.PUT[PINST+#*2+1] = .HI(?TMP+OFSET)
    43 = 4069				?TMP = .WGET[PINST+#*2]
    43  [4012] 81			.PUT[PINST+#*2] = .LO(?TMP+OFSET)
    43  [4013] 47			.PUT[PINST+#*2+1] = .HI(?TMP+OFSET)
    43 = 4089				?TMP = .WGET[PINST+#*2]
    43  [4014] A1			.PUT[PINST+#*2] = .LO(?TMP+OFSET)
    43  [4015] 47			.PUT[PINST+#*2+1] = .HI(?TMP+OFSET)
    43 = 40B1				?TMP = .WGET[PINST+#*2]
    43  [4016] C9			.PUT[PINST+#*2] = .LO(?TMP+OFSET)
    43  [4017] 47			.PUT[PINST+#*2+1] = .HI(?TMP+OFSET)
    43 = 40D9				?TMP = .WGET[PINST+#*2]
    43  [4018] F1			.PUT[PINST+#*2] = .LO(?TMP+OFSET)
    43  [4019] 47			.PUT[PINST+#*2+1] = .HI(?TMP+OFSET)
    43 = 4101				?TMP = .WGET[PINST+#*2]
    43  [401A] 19			.PUT[PINST+#*2] = .LO(?TMP+OFSET)
    43  [401B] 48			.PUT[PINST+#*2+1] = .HI(?TMP+OFSET)
    43 = 4129				?TMP = .WGET[PINST+#*2]
    43  [401C] 41			.PUT[PINST+#*2] = .LO(?TMP+OFSET)
    43  [401D] 48			.PUT[PINST+#*2+1] = .HI(?TMP+OFSET)
    43 = 414E				?TMP = .WGET[PINST+#*2]
    43  [401E] 66			.PUT[PINST+#*2] = .LO(?TMP+OFSET)
    43  [401F] 48			.PUT[PINST+#*2+1] = .HI(?TMP+OFSET)
    43 = 417B				?TMP = .WGET[PINST+#*2]
    43  [4020] 93			.PUT[PINST+#*2] = .LO(?TMP+OFSET)
    43  [4021] 48			.PUT[PINST+#*2+1] = .HI(?TMP+OFSET)
    43 = 41A8				?TMP = .WGET[PINST+#*2]
    43  [4022] C0			.PUT[PINST+#*2] = .LO(?TMP+OFSET)
    43  [4023] 48			.PUT[PINST+#*2+1] = .HI(?TMP+OFSET)
    43 = 41CA				?TMP = .WGET[PINST+#*2]
    43  [4024] E2			.PUT[PINST+#*2] = .LO(?TMP+OFSET)
    43  [4025] 48			.PUT[PINST+#*2+1] = .HI(?TMP+OFSET)
    43 = 41E9				?TMP = .WGET[PINST+#*2]
    43  [4026] 01			.PUT[PINST+#*2] = .LO(?TMP+OFSET)
    43  [4027] 49			.PUT[PINST+#*2+1] = .HI(?TMP+OFSET)
    52 = 41FF				?TMP = .GET[PLTRC+#] + .GET[PHTRC+#]<<8
    52  [4028] 17			.PUT[PLTRC+#] = .LO(?TMP+OFSET)
    52  [4033] 49			.PUT[PHTRC+#] = .HI(?TMP+OFSET)
    52 = 4277				?TMP = .GET[PLTRC+#] + .GET[PHTRC+#]<<8
    52  [4029] 8F			.PUT[PLTRC+#] = .LO(?TMP+OFSET)
    52  [4034] 49			.PUT[PHTRC+#] = .HI(?TMP+OFSET)
    52 = 4289				?TMP = .GET[PLTRC+#] + .GET[PHTRC+#]<<8
    52  [402A] A1			.PUT[PLTRC+#] = .LO(?TMP+OFSET)
    52  [4035] 49			.PUT[PHTRC+#] = .HI(?TMP+OFSET)
    52 = 42CB				?TMP = .GET[PLTRC+#] + .GET[PHTRC+#]<<8
    52  [402B] E3			.PUT[PLTRC+#] = .LO(?TMP+OFSET)
    52  [4036] 49			.PUT[PHTRC+#] = .HI(?TMP+OFSET)
    52 = 42D3				?TMP = .GET[PLTRC+#] + .GET[PHTRC+#]<<8
    52  [402C] EB			.PUT[PLTRC+#] = .LO(?TMP+OFSET)
    52  [4037] 49			.PUT[PHTRC+#] = .HI(?TMP+OFSET)
    52 = 42FC				?TMP = .GET[PLTRC+#] + .GET[PHTRC+#]<<8
    52  [402D] 14			.PUT[PLTRC+#] = .LO(?TMP+OFSET)
    52  [4038] 4A			.PUT[PHTRC+#] = .HI(?TMP+OFSET)
    52 = 434C				?TMP = .GET[PLTRC+#] + .GET[PHTRC+#]<<8
    52  [402E] 64			.PUT[PLTRC+#] = .LO(?TMP+OFSET)
    52  [4039] 4A			.PUT[PHTRC+#] = .HI(?TMP+OFSET)
    52 = 43A2				?TMP = .GET[PLTRC+#] + .GET[PHTRC+#]<<8
    52  [402F] BA			.PUT[PLTRC+#] = .LO(?TMP+OFSET)
    52  [403A] 4A			.PUT[PHTRC+#] = .HI(?TMP+OFSET)
    52 = 43FB				?TMP = .GET[PLTRC+#] + .GET[PHTRC+#]<<8
    52  [4030] 13			.PUT[PLTRC+#] = .LO(?TMP+OFSET)
    52  [403B] 4B			.PUT[PHTRC+#] = .HI(?TMP+OFSET)
    52 = 443B				?TMP = .GET[PLTRC+#] + .GET[PHTRC+#]<<8
    52  [4031] 53			.PUT[PLTRC+#] = .LO(?TMP+OFSET)
    52  [403C] 4B			.PUT[PHTRC+#] = .HI(?TMP+OFSET)
    52 = 4464				?TMP = .GET[PLTRC+#] + .GET[PHTRC+#]<<8
    52  [4032] 7C			.PUT[PLTRC+#] = .LO(?TMP+OFSET)
    52  [403D] 4B			.PUT[PHTRC+#] = .HI(?TMP+OFSET)
    66 = 0004				skip=4
    70 = 44A9				?TMP = .GET[PTLST+#*SKIP+2] + .GET[PTLST+#*SKIP+3]<<8
    70  [44DB] C1			.PUT[PTLST+#*SKIP+2] = .LO(?TMP+OFSET)
    70  [44DC] 4B			.PUT[PTLST+#*SKIP+3] = .HI(?TMP+OFSET)
Source: demo.asm
    87 					.endp
    88
    89 				; Sprite struct array in free RAM $5500-$57BF (37 sprites * 11 bytes = 407 bytes)
    90 = 5500			Bobs	equ	$5500
    91
    92 				;-----------------------------------------------------------------------------
    93 				; Defines go here
    94 				;-----------------------------------------------------------------------------
    95 				; __VBXE_AUTO__ must NOT be defined: this code reaches the VBXE with plain
    96 				; absolute lda/sta, so VBXE_BASE has to be fixed at assembly time.  Defining it
    97 				; sets VBXE_BASE = $0000 and every register access lands in zero page.
    98 = 2000			.def	VBXE_WINDOW						= $2000
    99 = 1000			.def	VBXE_WINDOW_SIZE_4k				= $1000
   100 = 2000			.def	VBXE_WINDOW_SIZE_8k				= $2000
   101 = 3000			.def	LOAD_ADDRESS					= VBXE_WINDOW + VBXE_WINDOW_SIZE_4k
   102 = 8000			.def	SCREEN_RAM						= $8000	; Make sure this is > Mus_Song_End
   103
   104 				; Temp debug stuff
   105 = 0000			.def	DBG_SINGLE_STEP					= $00	; 00 = False else true
   106 = 0025			.def	MAX_SPRITES_PAL					= $25
   107 = 0018			.def	MAX_SPRITES_NTSC				= $18
   108
   109 				; Sprite struct field byte offsets for (Ptr_Lo),y indirect access
   110 = 0000			.def	Spr_X_Pos_Frac					= $00
   111 = 0001			.def	Spr_X_Pos_Lo					= $01
   112 = 0002			.def	Spr_X_Pos_Hi					= $02
   113 = 0003			.def	Spr_Y_Pos_Frac					= $03
   114 = 0004			.def	Spr_Y_Pos						= $04
   115 = 0005			.def	Spr_Delta_X_Sign				= $05
   116 = 0006			.def	Spr_Delta_X_Frac				= $06
   117 = 0007			.def	Spr_Delta_X						= $07
   118 = 0008			.def	Spr_Delta_Y_Sign				= $08
   119 = 0009			.def	Spr_Delta_Y_Frac				= $09
   120 = 000A			.def	Spr_Delta_Y						= $0A
   121 = 000B			.def	Sprite_Size						= $0B
   122
   123 				; BCB field byte offsets
   124 = 0000			.def	Src_Adr0						= $00
   125 = 0001			.def	Src_Adr1						= $01
   126 = 0002			.def	Src_Adr2						= $02
   127 = 0006			.def	Dest_Adr0						= $06
   128 = 0007			.def	Dest_Adr1						= $07
   129 = 0008			.def	Dest_Adr2						= $08
   130 = 0014			.def	Blt_Ctrl						= $14
   131
   132 				; Title Screen
   133 = 0011			.def	V_0								= $11	; 1 (Screen code used for Version in loading screen)
   134 = 0010			.def	V_1								= $10	; 0 (Screen code used for Version in loading screen)
   135 = 0014			.def	V_2								= $14	; 5 (Screen code used for Version in loading screen)
   136 = 0000			.def	V_3								= $00	;   (Screen code used for Version in loading screen)
   137
   138 				;-----------------------------------------------------------------------------
   139 				; VBXE Helpers
   140 				;-----------------------------------------------------------------------------
   141 					org LOAD_ADDRESS
   142 3000			.pages 3								; DO NOT go past $3300
   143 3000				icl 'fileio.lib'
Source: fileio.lib
     1 				;basic CIO commands (ICCOM)
     2 = 0003			CIO_open		equ 3					;OPEN command for IOCB channell
     3 = 0005			CIO_gettext		equ 5					;READ of text line
     4 = 0007			CIO_getdata		equ 7					;READ of binary data
     5 = 0009			CIO_puttext		equ 9					;WRITE of text line
     6 = 000B			CIO_putdata		equ 11					;WRITE of binary data
     7 = 000C			CIO_close    	equ 12					;CLOSE of IOCB channel
     8 = 000D			CIO_getstatus	equ 13					;READ of device status
     9
    10 				;some dos specific XIO commands (ICCOM)
    11 = 0029			XIO_changedir	equ 41					;Change working directory (MyDOS)
    12
    13 				;mode of operation (ICAX1) for OPEN
    14 = 0004			CIO_read     	equ 4					;open to read
    15 = 0008			CIO_write     	equ 8					;open to write
    16 = 0006			CIO_dir       	equ 6					;get directory
    17
    18 				;--------------------------------------------------------
    19 				;		Zero page variables for FileIO;
    20 				;--------------------------------------------------------
    21 3000			.zpvar	BankIndex	.word
    22 3000			.zpvar	AR_Temp		.byte
    23 3000			.zpvar	XR_Temp		.byte
    24 3000			.zpvar	YR_Temp		.byte
    25 				;--------------------------------------------------------
    26 				;		Other variables for FileIO;
    27 				;--------------------------------------------------------
    28 3000			.var	FileNamePtr	.word
    29 3000			.var	FileNameLng .byte
    30 3000			.var	TextPtr		.word
    31 3000			.var	LoadStatus	.byte				; $0 = failure, $1 = Success
    32 3000-3205> FF		Console_IOCB		.byte 0xFF
    33 3001 20 3A 9B 00		Temporary_Handler	.byte ' :',0x9B,0x00
    34 3005 53 32 3A 9B 00	VBXE_Handler		.byte 'S2:',0x9B,0x00
    35
    36 				;--------------------------------------------------------
    37 				;		Common calls for FileIO
    38 				;--------------------------------------------------------
    39
    40 				;--------------------------------------------------------
    41 				; Get_HATABS_Entry - retrives handler ID from HATABS table
    42 				; takes:
    43 				; A - HATABS offset from ICHID
    44 				; returns:
    45 				; A - letter identificator of the handler
    46 300A			Get_HATABS_Entry
    47 300A 86 8F			stx XR_Temp
    48 300C AA				tax
    49 300D BD 1A 03			lda HATABS,x
    50 3010 A6 8F			ldx XR_Temp
    51 3012 60				rts
    52 					
    53 				;--------------------------------------------------------
    54 				;Find_Matching_IOCB - search for first matching IOCB
    55 				; takes:
    56 				; A - letter identificator of the handler to look for
    57 				; returns:
    58 				; X - relative offset to first free IOCB (IOCB number *16)
    59 				; Y - error code (126 - nonexistent device) if it fails
    60
    61 3013			Find_Matching_IOCB
    62 3013 85 8E			sta AR_Temp
    63 3015 A2 00			ldx #0x00
    64 3017 A0 01			ldy #0x01
    65 3019			Find_Matching_IOCB_l1
    66 3019 BD 40 03			lda ICHID,x
    67 301C 20 0A 30			jsr Get_HATABS_Entry
    68 301F C5 8E			cmp AR_Temp							; Compare device ID with the one searched
    69 3021 F0 09			beq Find_Matching_IOCB_Found
    70 3023 8A				txa
    71 3024 18 69 10			add #0x10							; Add IOCB structure length to x pointer, and try next channel
    72 3027 AA				tax
    73 3028 10 EF			bpl Find_Matching_IOCB_l1
    74 302A A0 82			ldy #-126							; If fails, change error code to "NONEXISTENT DEVICE"	
    75 302C			Find_Matching_IOCB_Found
    76 302C 60				rts
    77
    78 				;--------------------------------------------------------
    79 				;Find_First_IOCB - search for first free IOCB
    80 				; returns:
    81 				; X - relative offset to first free IOCB (IOCB number *16)
    82 				; Y - error code (95 - too many channels open) if it fails
    83 				; 
    84 				; This piece of code comes from Polish Atariki page
    85 				; there are no references for its orgins
    86
    87 302D			Find_First_IOCB
    88 302D A2 00			ldx #0x00							; Start with channel #0
    89 302F A0 01			ldy #0x01							; Set the error code to #1 - success
    90 3031			Find_First_IOCB_l1
    91 3031 BD 40 03			lda ICHID,x							; Get the device ID
    92 3034 C9 FF			cmp #0xff							; If equals to 0xff - channel is not opened
    93 3036 F0 09			beq Find_First_IOCB_found
    94 3038 8A				txa
    95 3039 18 69 10			add #0x10							; Add IOCB structure length to x pointer, and try next channel
    96 303C AA				tax
    97 303D 10 F2			bpl Find_First_IOCB_l1
    98 303F A0 A1			ldy #-95							;if fails, change error code to "TOO MANY CHANNELS OPEN"	
    99 3041			Find_First_IOCB_found
   100 3041 60				rts
   101
   102 				;--------------------------------------------------------
   103 				; PutLine - puts line of text pointed by TextPtr
   104 				; line should end with ENTER (0x9b)
   105 3042			PutLine
   106 				;	brk
   107 3042 AE 00 30			ldx Console_IOCB
   108 3045 E0 FF			cpx #255
   109 3047 D0 10			bne PutLine_IOCB_Open
   110 3049 A9 45			lda #'E'
   111 304B 20 13 30			jsr Find_Matching_IOCB
   112 304E C0 01			cpy #1
   113 3050 F0 07			beq PutLine_IOCB_Found
   114 3052 A9 45			lda #'E'							; Open through console handler
   115 3054 A0 00			ldy #0								; Mode 0 - standard text console
   116 3056 20 73 30			jsr SetGraphicsMode
   117 3059			PutLine_IOCB_Open
   118 3059			PutLine_IOCB_Found
   119 3059 A9 09			lda #CIO_puttext
   120 305B 9D 42 03			sta iccmd,x
   121 305E A9 FF			lda #255
   122 3060 9D 48 03			sta ICBLL,x
   123 3063 AD 28 31			lda TextPtr
   124 3066 9D 44 03			sta ICBAL,x
   125 3069 AD 29 31			lda TextPtr+1
   126 306C 9D 45 03			sta ICBAL+1,x
   127 306F 20 56 E4			jsr ciov
   128 3072			PutLine_Error
   129 3072 60				rts
   130 					
   131 				;--------------------------------------------------------
   132 				; Set_Graphics_Mode - sets graphics mode
   133 				; takes:
   134 				; A - device handler (E, S, or V (S2))
   135 				; X - IOCB offset (IOCB channel number multiplied by 16)
   136 				; Y - mode to set
   137 				; returns:
   138 				; Y - error code (95 - too many channels open) if it fails
   139
   140 3073			SetGraphicsMode
   141 3073 20 2D 30			jsr Find_First_IOCB					; Find first free IOCB
   142 3076 C0 01			cpy #1
   143 3078 D0 22			bne SetGraphicsMode_Error			; No more free IOCB
   144 307A C9 56			cmp #'V'
   145 307C F0 1F			beq SetGraphicsMode_VBXE			; VBXE device handler is S2:, so we need special case for it :(
   146 307E 8D 01 30			sta Temporary_Handler
   147 3081 A9 01			lda #<Temporary_Handler
   148 3083 9D 44 03			sta ICBAL,x
   149 3086 A9 30			lda #>Temporary_Handler
   150 3088 9D 45 03			sta ICBAL+1,x
   151 308B			SetGraphicsMode_Common
   152 308B 98				tya
   153 308C 9D 4B 03			sta ICAX2,x							; Mode to obtain
   154 308F A9 03			lda #CIO_open	
   155 3091 9D 42 03			sta iccmd,x
   156 3094 A9 0C			lda #CIO_read|CIO_write				; For both READ and WRITE operations
   157 3096 9D 4A 03			sta ICAX1,x
   158 3099 20 56 E4			jsr ciov
   159 309C			SetGraphicsMode_Error
   160 309C 60				rts
   161 309D			SetGraphicsMode_VBXE
   162 309D A9 05			lda #<VBXE_Handler
   163 309F 9D 44 03			sta ICBAL,x
   164 30A2 A9 30			lda #>VBXE_Handler
   165 30A4 9D 45 03			sta ICBAL+1,x
   166 30A7 4C 8B 30			jmp SetGraphicsMode_Common
   167 					
   168 				;--------------------------------------------------------
   169 				; LoadData - Loads file into banked memory
   170 				; bankindex - first bank number to load to
   171 				; This is slighty modified code provided by Mono (AtariArea)
   172 				; visit http://atariarea.krap.pl/forum/viewtopic.php?id=6781
   173 				; to see the original version
   174 30AA			LoadData
   175 30AA A9 01			lda #1
   176 30AC 8D 2A 31			sta LoadStatus						; Indicate Failure
   177 30AF 20 2D 30			jsr Find_First_IOCB
   178 30B2 C0 01			cpy #1
   179 30B4 D0 69			bne LoadData_Error
   180 30B6 A9 04			lda #CIO_read
   181 30B8 9D 4A 03			sta ICAX1,x
   182 30BB A9 03			lda #CIO_open
   183 30BD 9D 42 03			sta iccmd,x
   184 30C0 AD 25 31			lda FileNamePtr
   185 30C3 9D 44 03			sta ICBAL,x
   186 30C6 AD 26 31			lda FileNamePtr+1
   187 30C9 9D 45 03			sta ICBAL+1,x
   188 30CC AD 27 31			lda FileNameLng
   189 30CF 9D 48 03			sta ICBLL,x
   190 30D2 A9 00			lda #0
   191 30D4 9D 49 03			sta ICBLL+1,x
   192 30D7 20 56 E4			jsr ciov
   193 30DA 30 43			bmi LoadData_Error
   194 30DC A4 8C			ldy BankIndex
   195 30DE			LoadData_l1
   196 30DE 98				tya
   197 30DF 09 80			ora #0x80
   198 30E1				vbsta VBXE_MA_BSEL
Macro: VBSTA [Source: vbxe_min.asm]
     5 30E1 8D 5F D6			sta.w VBXE_MA_BSEL
Source: fileio.lib
   199 					;loading block of data to banked memory
   200 30E4 A9 04			lda #CIO_read
   201 30E6 9D 4A 03			sta ICAX1,x
   202 30E9 A9 07			lda #CIO_getdata					;getbyte
   203 30EB 9D 42 03			sta iccmd,x
   204 30EE A9 00			lda <VBXE_WINDOW
   205 30F0 9D 44 03			sta ICBAL,x
   206 30F3 A9 20			lda >VBXE_WINDOW
   207 30F5 9D 45 03			sta ICBAL+1,x
   208 30F8 A9 00			lda <0x1000
   209 30FA 9D 48 03			sta ICBLL,x
   210 30FD A9 10			lda >0x1000
   211 30FF 9D 49 03			sta ICBLL+1,x
   212 3102 20 56 E4			jsr ciov
   213 3105 30 08			bmi LoadData_Close
   214 3107 E6 8C			inc BankIndex
   215 3109 A4 8C			ldy BankIndex
   216 310B C0 7F			cpy #127
   217 310D 90 CF			bcc LoadData_l1
   218 310F			LoadData_Close
   219 310F 08				php
   220 					;at the end disable vbxe memory window
   221 3110 A9 00			lda #0
   222 3112				vbsta VBXE_MA_BSEL
Macro: VBSTA [Source: vbxe_min.asm]
     5 3112 8D 5F D6			sta.w VBXE_MA_BSEL
Source: fileio.lib
   223 3115 A9 0C			lda #CIO_close
   224 3117 9D 42 03			sta iccmd,x
   225 311A 20 56 E4			jsr ciov
   226 311D 28				plp
   227 311E 60				rts
   228 311F			LoadData_Error
   229 311F A9 00			lda #0
   230 3121 8D 2A 31			sta LoadStatus						; Indicate Failure
   231 3124 60				rts
   231 = 008C			BANKINDEX
   231 = 008E			AR_TEMP
   231 = 008F			XR_TEMP
   231 = 0090			YR_TEMP
   231 = 3125 00 00		FILENAMEPTR
   231 = 3127 00		FILENAMELNG
   231 = 3128 00 00		TEXTPTR
   231 = 312A 00		LOADSTATUS
   144 312B				icl 'vbxe_min.asm'					; Use my VBXE_SetPalette2 to load linear palete
Source: vbxe_min.asm
     1 				; BRACKETS ARE LOAD-BEARING.  MADS binds .not looser than .and, so the
     2 				; unbracketed form ".not .def A .and .not .def B" parses as
     3 				; ".not [.def A .and .not .def B]" - which is TRUE whenever __VBXE_AUTO__ is
     4 				; undefined, so the first branch always won and __VBXE_D700__ did nothing.
     5 				.if [.not .def __VBXE_AUTO__] .and [.not .def __VBXE_D700__]	; Default case - VBXE at $D640
     6 = D600			VBXE_BASE		equ	$D600
     7 				.elseif [.not .def __VBXE_AUTO__] .and [.def __VBXE_D700__]	; VBXE is assumed to be under $D740
     8 				VBXE_BASE		equ	$D700
     9 				.else									; VBXE should be autodetected
    10 				VBXE_BASE		equ	$0000
    11 				.endif
    12
    13 = D640			VBXE_VIDEO_CONTROL		equ	VBXE_BASE+$40	; Write
    14 = D640			VBXE_CORE_VERSION		equ	VBXE_BASE+$40	; Read
    15 = D641			VBXE_XDL_ADR0			equ	VBXE_BASE+$41	; Write
    16 = D641			VBXE_MINOR				equ	VBXE_BASE+$41	; Read
    17 = D642			VBXE_XDL_ADR1			equ	VBXE_BASE+$42
    18 = D643			VBXE_XDL_ADR2			equ	VBXE_BASE+$43
    19 = D644			VBXE_CSEL				equ	VBXE_BASE+$44
    20 = D645			VBXE_PSEL				equ	VBXE_BASE+$45
    21 = D646			VBXE_CR					equ	VBXE_BASE+$46
    22 = D647			VBXE_CG					equ	VBXE_BASE+$47
    23 = D648			VBXE_CB					equ	VBXE_BASE+$48
    24 = D649			VBXE_COLMASK			equ	VBXE_BASE+$49
    25 = D64A			VBXE_COLCLR				equ	VBXE_BASE+$4A
    26 = D650			VBXE_BL_ADR0			equ	VBXE_BASE+$50	; Write
    27 = D650			VBXE_BLT_COLLISION_CODE	equ	VBXE_BASE+$50	; Read
    28 = D651			VBXE_BL_ADR1			equ	VBXE_BASE+$51
    29 = D652			VBXE_BL_ADR2			equ	VBXE_BASE+$52
    30 = D653			VBXE_BLITTER_START		equ	VBXE_BASE+$53	; Write
    31 = D653			VBXE_BLITTER_BUSY		equ	VBXE_BASE+$53	; Read
    32 = D654			VBXE_IRQ_CONTROL		equ	VBXE_BASE+$54	; Write
    33 = D654			VBXE_IRQ_STATUS			equ	VBXE_BASE+$54	; Read
    34 = D655			VBXE_P0					equ	VBXE_BASE+$55
    35 = D655			VBXE_P1					equ	VBXE_BASE+$55
    36 = D655			VBXE_P2					equ	VBXE_BASE+$55
    37 = D655			VBXE_P3					equ	VBXE_BASE+$55
    38 = D65D			VBXE_MB_CTL				equ	VBXE_BASE+$5D
    39 = D65E			VBXE_MA_CTL				equ	VBXE_BASE+$5E
    40 = D65F			VBXE_MA_BSEL			equ	VBXE_BASE+$5F
    41
    42 				/* Renamed to match fx1.26-en
    43 				VBXE_VIDEO_CONTROL		equ	VBXE_BASE+$40	; Write
    44 				VBXE_CORE_VERSION		equ	VBXE_BASE+$40	; Read
    45 				VBXE_XDL_ADR0			equ	VBXE_BASE+$41	; Write
    46 				VBXE_MINOR_REVISION		equ	VBXE_BASE+$41	; Read
    47 				VBXE_XDL_ADR1			equ	VBXE_BASE+$42
    48 				VBXE_XDL_ADR2			equ	VBXE_BASE+$43
    49 				VBXE_CSEL				equ	VBXE_BASE+$44
    50 				VBXE_PSEL				equ	VBXE_BASE+$45
    51 				VBXE_CR					equ	VBXE_BASE+$46
    52 				VBXE_CG					equ	VBXE_BASE+$47
    53 				VBXE_CB					equ	VBXE_BASE+$48
    54 				VBXE_COLMASK			equ	VBXE_BASE+$49
    55 				VBXE_COLCLR				equ	VBXE_BASE+$4A	; Write
    56 				VBXE_COLDETECT			equ	VBXE_BASE+$4A	; Read
    57 				VBXE_BL_ADR0			equ	VBXE_BASE+$50	; Write
    58 				VBXE_BLT_COLLISION_CODE	equ	VBXE_BASE+$50	; Read
    59 				VBXE_BL_ADR1			equ	VBXE_BASE+$51
    60 				VBXE_BL_ADR2			equ	VBXE_BASE+$52
    61 				VBXE_BLITTER_START		equ	VBXE_BASE+$53	; Write
    62 				VBXE_BLITTER_BUSY		equ	VBXE_BASE+$53	; Read
    63 				VBXE_IRQ_CONTROL		equ	VBXE_BASE+$54	; Write
    64 				VBXE_IRQ_STATUS			equ	VBXE_BASE+$54	; Read
    65 				VBXE_P0					equ	VBXE_BASE+$55
    66 				VBXE_P1					equ	VBXE_BASE+$55
    67 				VBXE_P2					equ	VBXE_BASE+$55
    68 				VBXE_P3					equ	VBXE_BASE+$55
    69 				VBXE_MEMAC_B_CONTROL	equ	VBXE_BASE+$5D
    70 				VBXE_MEMAC_CONTROL		equ	VBXE_BASE+$5E	; Write
    71 				VBXE_MEMAC_CONTROL		equ	VBXE_BASE+$5E	; Read
    72 				VBXE_MEMAC_BANK_SEL		equ	VBXE_BASE+$5F	; Write
    73 				VBXE_MEMAC_BANK_SEL		equ	VBXE_BASE+$5F	; Read
    74 				*/
    74
    75
    76 = 0000			MEMAC_GLOBAL_DISABLE	equ	$00
    77 = 0080			MEMAC_GLOBAL_ENABLE		equ	$80
    78
    79 				;-----------------------------------------------------------------------------
    80 				; Structures for VBXE
    81 				;-----------------------------------------------------------------------------
    82 				.struct BLTBLK	
    83 = 0000				orgin_ptr .long
    84 = 0003				ostep_y .word
    85 = 0005				ostep_x .byte
    86 = 0006				dest_ptr .long
    87 = 0009				dstep_y .word
    88 = 000B				dstep_x .byte
    89 = 000C				width .word
    90 = 000E				height .byte
    91 = 000F				and_mask .byte
    92 = 0010				xor_mask .byte
    93 = 0011				col_mask .byte
    94 = 0012				zoom .byte
    95 = 0013				pattern .byte
    96 = 0014				control .byte
    97 				.ends
    98
    99 				;-----------------------------------------------------------------------------
   100 				; Zero page variables for VBXE
   101 				;-----------------------------------------------------------------------------
   102 312B			.zpvar	VBXEBase	.word
   103 312B			.zpvar	Y_Register	.byte
   104
   105 				;-----------------------------------------------------------------------------
   106 				; Other variables for VBXE
   107 				;-----------------------------------------------------------------------------
   108 312B			.var	Pal_ptr		.word
   109
   110 				;-----------------------------------------------------------------------------
   111 				; Macro definitions for VBXE
   112 				;-----------------------------------------------------------------------------
   113
   114 				;-----------------------------------------------------------------------------
   115 				;vblda	- loads accumulator with VBXE register value
   116 				;	  use:	vblda	VBXE_REGISTER
   117
   118 				; NOTE (__VBXE_AUTO__ mode only): VBXE_BASE is $0000 in this mode, so every
   119 				; VBXE_xxx equate is already just its register offset ($40-$5F). VBXEBase is
   120 				; set ONCE by VBXE_Detect (lo=$00, hi=$D6/$D7), so indexing through it costs
   121 				; a flat 8 cycles/access regardless of which page VBXE lives on - no per-call
   122 				; self-modifying code. This clobbers Y - callers must not rely on Y surviving
   123 				; a vblda/vbsta call in auto mode.
   124 				vblda	.macro
   125 				.ifdef	__VBXE_AUTO__
   126 					ldy #<:1
   127 					lda (VBXEBase),y
   128 				.else
   129 					lda :1
   130 				.endif
   131 				.endm
   132
   133 				;-----------------------------------------------------------------------------
   134 				;vbsta	- stores accumulator in VBXE register
   135 				;	  use:	vbvbsta	VBXE_REGISTER
   136
   137 				vbsta	.macro
   138 				.ifdef	__VBXE_AUTO__
   139 					ldy #<:1
   140 					sta (VBXEBase),y
   141 				.else
   142 					sta.w :1
   143 				.endif
   144 				.endm
   145
   146 				;-----------------------------------------------------------------------------
   147 				; Common calls for VBXE
   148 				;-----------------------------------------------------------------------------
   149
   150 				;-----------------------------------------------------------------------------
   151 				;VBXE_Detect - detects VBXE FX core version 1.07 and above,
   152 				; and stores VBXE Base address in VBXEBase
   153 312B			VBXE_Detect
   154 312B A9 00			lda #$00
   155 312D A2 D6			ldx #$D6
   156 312F 8D 40 D6			sta $D640							; Make sure it isn't coincidence
   157 3132 AD 40 D6			lda $D640
   158 3135 C9 10			cmp #$10							; Do we have major version here?
   159 3137 F0 15			beq VBXE_Detected					; If so, then VBXE is detected
   160 3139 A9 00			lda #$00
   161 313B E8				inx
   162 313C 8D 40 D7			sta $D740							; No such luck, try other location
   163 313F AD 40 D7			lda $D740
   164 3142 C9 10			cmp #$10
   165 3144 F0 08			beq VBXE_Detected
   166 3146 A2 00			ldx #$00							; Not here, so not present or FX core version too low
   167 3148 86 92			stx VBXEBase+1
   168 314A 86 91			stx VBXEBase
   169 314C 38				sec
   170 314D 60				rts
   171 314E			VBXE_Detected:
   172 314E 86 92			stx VBXEBase+1
   173 3150 A9 00			lda #$00
   174 3152 85 91			sta VBXEBase
   175 3154				vblda VBXE_MINOR					; Get core minor version
Macro: VBLDA [Source: vbxe_min.asm]
     5 3154 AD 41 D6			lda VBXE_MINOR
Source: vbxe_min.asm
   176 3157 18				clc									; X - page of VBXE
   177 3158 60				rts
   178
   179 				;-----------------------------------------------------------------------------
   180 				; VBXE_SetPalette2 - sets palette
   181 				;	A			- palette number
   182 				;	Y_Register	- palette pointer - Data MUST be page aligned
   183 				; NOTE: This code can run from ROM
   184 				;       The palette is stored as 256 RGB triplets
   185 				; NOTE (__VBXE_AUTO__ mode): the CR/CG/CB stores below use plain sta.w, not
   186 				; vbsta - this loop needs Y as its data index every iteration, and vbsta's
   187 				; (VBXEBase),Y addressing would clobber it every store. Instead the high
   188 				; byte of all nine store operands is patched ONCE per call (self-modifying,
   189 				; but off the hot path) so the loop itself runs at plain absolute-store cost.
   190 3159			VBXE_SetPalette2
   191 3159				vbsta VBXE_PSEL						; Set Palette 1
Macro: VBSTA [Source: vbxe_min.asm]
     5 3159 8D 45 D6			sta.w VBXE_PSEL
Source: vbxe_min.asm
   192 315C A9 00			lda #$00
   193 315E				vbsta VBXE_CSEL						; Start at colour 0
Macro: VBSTA [Source: vbxe_min.asm]
     5 315E 8D 44 D6			sta.w VBXE_CSEL
Source: vbxe_min.asm
   194
   195 				.ifdef	__VBXE_AUTO__
   196 					lda VBXEBase+1
   197 					sta SP2_CR1							; SP2_xxN labels equ *-1 to the store's
   198 					sta SP2_CG1							; high-byte position already - no +1
   199 					sta SP2_CB1
   200 					sta SP2_CR2
   201 					sta SP2_CG2
   202 					sta SP2_CB2
   203 					sta SP2_CR3
   204 					sta SP2_CG3
   205 					sta SP2_CB3
   206 					lda #$00							; Patching above clobbered A - restore it,
   207 				.endif									; tay below needs #$00 to zero the loop index
   208
   209 3161 A8				tay
   210 3162 B1 93		LoadPal1_1 lda (Y_Register),y
   211 3164 8D 46 D6			sta.w VBXE_CR						; Set the red component
   212 = 3166			SP2_CR1	equ *-1
   213 3167 C8				iny
   214 3168 F0 3B			beq OverFlow1						; Since 256 / 3 is not even, we must skip to next section and resume at CG
   215 316A B1 93			lda (Y_Register),y
   216 316C 8D 47 D6			sta.w VBXE_CG						; Set the green component
   217 = 316E			SP2_CG1	equ *-1
   218 316F C8				iny
   219 3170 B1 93			lda (Y_Register),y
   220 3172 8D 48 D6			sta.w VBXE_CB						; Set the blue component and increment CSEL
   221 = 3174			SP2_CB1	equ *-1
   222 3175 C8				iny
   223 3176 D0 EA			bne LoadPal1_1						; Copy a page
   224 3178 B1 93		LoadPal1_2 lda (Y_Register),y
   225 317A 8D 46 D6			sta.w VBXE_CR						; Set the red component
   226 = 317C			SP2_CR2	equ *-1
   227 317D C8				iny
   228 317E F0 10			beq LoadPal1_3
   229 3180			LP1_2_G
   230 3180 B1 93			lda (Y_Register),y
   231 3182 8D 47 D6			sta.w VBXE_CG						; Set the green component
   232 = 3184			SP2_CG2	equ *-1
   233 3185 C8				iny
   234 3186 F0 22			beq OverFlow2						; Since 256 / 3 is not even, we must skip to next section and resume at CB
   235 3188 B1 93			lda (Y_Register),y
   236 318A 8D 48 D6			sta.w VBXE_CB						; Set the blue component and increment CSEL
   237 = 318C			SP2_CB2	equ *-1
   238 318D C8				iny
   239 318E D0 E8			bne LoadPal1_2						; Copy a page
   240 3190 B1 93		LoadPal1_3 lda (Y_Register),y
   241 3192 8D 46 D6			sta.w VBXE_CR						; Set the red component
   242 = 3194			SP2_CR3	equ *-1
   243 3195 C8				iny
   244 3196 B1 93			lda (Y_Register),y
   245 3198 8D 47 D6			sta.w VBXE_CG						; Set the green component
   246 = 319A			SP2_CG3	equ *-1
   247 319B C8				iny
   248 319C			LP1_3_B
   249 319C B1 93			lda (Y_Register),y
   250 319E 8D 48 D6			sta.w VBXE_CB						; Set the blue component and increment CSEL
   251 = 31A0			SP2_CB3	equ *-1
   252 31A1 C8				iny
   253 31A2 D0 EC			bne LoadPal1_3						; Copy a page
   254 31A4 60				rts
   255
   256 31A5			OverFlow1
   257 31A5 E6 94			inc Y_Register + 1
   258 31A7 4C 80 31			jmp LP1_2_G
   259 31AA			OverFlow2
   260 31AA E6 94			inc Y_Register + 1
   261 31AC 4C 9C 31			jmp LP1_3_B
   261 = 0091			VBXEBASE
   261 = 0093			Y_REGISTER
   261 = 31AF 00 00		PAL_PTR
   145
   146 				;-----------------------------------------------------------------------------
   147 				; Clean up and exit based on LoadStatus
   148 				;-----------------------------------------------------------------------------
   149 31B1			Cleanup_Exit
   150 31B1 20 09 44			jsr music.silence					; Stop music
   151
   152 31B4 A9 00			lda #$00							; Don't display anything during exit
   153 31B6 8D 2F 02			sta SDMCTL
   154 31B9 8D C5 02			sta COLOR1
   155 31BC 2C 0B D4			bit VCOUNT							; Wait for VSYNC so screen turns off
   156 31BF 30 FB			bmi *-3
   157 31C1 2C 0B D4			bit VCOUNT
   158 31C4 10 FB			bpl *-3
   159
   160 31C6 A9 00			lda #MEMAC_GLOBAL_DISABLE			; USE CPU address space
   161 31C8 8D 5F D6			sta VBXE_MA_BSEL
   162 31CB 8D 40 D6			sta VBXE_VIDEO_CONTROL				; Disable XDL
   163
   164 31CE AD 81 04			lda CRSINH_OLD
   165 31D1 8D F0 02			sta CRSINH							; Restore CRSINH
   166
   167 31D4 AD 82 04			lda LMARGIN_OLD
   168 31D7 85 52			sta LMARGIN							; Restore LMARGIN
   169
   170 31D9 AD 83 04			lda COLOR1_OLD
   171 31DC 8D C5 02			sta COLOR1							; Restore COLOR1
   172
   173 31DF AD 84 04			lda COLOR2_OLD
   174 31E2 8D C6 02			sta COLOR2							; Restore COLOR2
   175
   176 31E5 AD 85 04			lda SDLSTL_OLD
   177 31E8 8D 30 02			sta SDLSTL							; Restore SDLSTL
   178
   179 31EB AD 86 04			lda SDLSTH_OLD
   180 31EE 8D 31 02			sta SDLSTL+1						; Restore SDLSTH
   181
   182 31F1 A9 FF			lda #$FF
   183 31F3 8D FC 02			sta CH								; Clear last key pressed
   184
   185 31F6 6C 0A 00			jmp (DOSVEC)						; Return to DOS
   186
   187 31F9			Wait_For_Key_Exit
   188 31F9 A9 FF			lda #$FF
   189 31FB 8D FC 02			sta CH								; Clear last key pressed
   190 31FE			Wait_For_Key_Exit_L1
   191 31FE AD FC 02			lda CH
   192 3201 C9 FF			cmp #$FF
   193 3203 F0 F9			beq Wait_For_Key_Exit_L1			; Wait for Key Press
   194 3205 60				rts									; Exit on  Key Press
   195 3206			.endpg
   196
   197 				; Multi-stage loader & program initialization code begins here
   198 3206				icl 'init_vbxe.asm'
Source: init_vbxe.asm
     1 				;-----------------------------------------------------------------------------
     2 				; Initialization
     3 				;-----------------------------------------------------------------------------
     4 				; Step $01 - Clear screen and print initial loading screen
     5 					org LOAD_ADDRESS + $300
     6 3300			.proc Step_1
     7 				; Save any values that will be changed so they can be restored on exit
     8 3300-37E4> AD 2F 02		lda SDMCTL
     9 3303 8D 80 04			sta SDMCTL_OLD						; Save SDMCTL so we can restore it later
    10
    11 3306 AD F0 02			lda CRSINH
    12 3309 8D 81 04			sta CRSINH_OLD						; Save CRSINH so we can restore it later
    13
    14 330C A5 52			lda LMARGIN
    15 330E 8D 82 04			sta LMARGIN_OLD						; Save LMARGIN so we can restore it later
    16
    17 3311 AD C5 02			lda COLOR1
    18 3314 8D 83 04			sta COLOR1_OLD						; Save COLOR1 so we can restore it later
    19
    20 3317 AD C6 02			lda COLOR2
    21 331A 8D 84 04			sta COLOR2_OLD						; Save COLOR2 so we can restore it later
    22
    23 331D AD 30 02			lda SDLSTL
    24 3320 8D 85 04			sta SDLSTL_OLD						; Save SDLSTL so we can restore it later
    25
    26 3323 AD 31 02			lda SDLSTL+1
    27 3326 8D 86 04			sta SDLSTH_OLD						; Save SDLSTH so we can restore it later
    28
    29 				; Check for SDX
    30 3329			Check_SDX
    31 3329 AD 00 07			lda $0700
    32 332C C9 53			cmp #$53							; ASCII S
    33 332E D0 25			bne SDX_No
    34 3330 AD 01 07			lda $0701
    35 3333 C9 44			cmp #$44							; ASCII D
    36 3335 D0 1E			bne SDX_No
    37
    38 				; Use IOCB channel 2 to force a CON 40 call
    39 3337			SDX_Yes
    40 3337 A2 20			ldx #$20							; Channel 2
    41 3339 A9 50			lda #$50
    42 333B 9D 42 03			sta ICCMD,x
    43 333E A9 E2			lda #<Device
    44 3340 9D 44 03			sta ICBAL,x
    45 3343 A9 37			lda #>Device
    46 3345 9D 45 03			sta ICBAH,x
    47 3348 A9 0C			lda #$0C							; Read + Write
    48 334A 9D 4A 03			sta ICAX1,x							; Aux1
    49 334D A9 40			lda #$40
    50 334F 9D 4B 03			sta ICAX2,x							; Aux2
    51 3352 20 56 E4			jsr CIOV
    52
    53 				; TODO: Close Channel #2 (and do this in the APOD viewer as well)
    54 3355			SDX_No
    55 3355 A9 00			lda #$00
    56 3357 85 52			sta LMARGIN
    57
    58 3359 A9 01			lda #$01
    59 335B 8D F0 02			sta CRSINH
    60
    61 335E A9 FA 8D 28 31 A9 + 	mwa #Clear_Screen TextPtr
    62 3368 20 42 30			jsr PutLine							; Cheap way to get a channel open to the screen
    63
    64 				; Determine and update Video Format
    65 336B A9 00			lda #$00
    66 336D 85 88			sta Ptr_Lo
    67 336F			Wait1
    68 336F AD 0B D4			lda vcount
    69 3372 F0 FB			beq Wait1
    70 3374			Wait2
    71 3374 A8				tay									; Save largest value in Y
    72 3375 AD 0B D4			lda vcount
    73 3378 D0 FA			bne Wait2
    74 				; VCount = zero, but we've saved the largest possible in Y
    75 337A C0 85			cpy #$85							; NTSC will never get this high
    76 337C 90 10			bcc NTSC_Detected
    77
    78 337E			PAL_Detected
    79 337E A9 00			lda #$00
    80 3380 8D 87 04			sta Video_Flag						; Save for later
    81 3383 A9 A8			lda #$A8							; Light Green
    82 3385 85 80			sta Reg1
    83 3387 A9 A0			lda #$A0							; Dark Green
    84 3389 85 81			sta Reg2
    85 338B 4C 9B 33			jmp Set_Colours
    86
    87 338E			NTSC_Detected
    88 338E A9 01			lda #$01
    89 3390 8D 87 04			sta Video_Flag						; Save for later
    90 3393 A9 BA			lda #$BA							; Light Green
    91 3395 85 80			sta Reg1
    92 3397 A9 B0			lda #$B0							; Dark Green
    93 3399 85 81			sta Reg2
    94
    95 339B			Set_Colours
    96 339B A5 80			lda Reg1							; Dark Green
    97 339D 8D C5 02			sta COLOR1							; Set playfield
    98 33A0 A5 81			lda Reg2							; Light Green
    99 33A2 8D C6 02			sta COLOR2							; Set text
   100
   101 				; Grab the pointer to the top of screen ram
   102 33A5 A5 58			lda SAVMSC
   103 33A7 85 88			sta Ptr_Lo
   104 33A9 A5 59			lda SAVMSC+1
   105 33AB 85 89			sta Ptr_Hi
   106
   107 				; Print the initial loading message
   108 				; Each subsequent init stage will update it
   109 33AD A0 00			ldy #$00
   110 33AF			Print_Loading_L1						; Copy the 1st $100 bytes
   111 33AF B9 FC 33			lda Step1_Message,y
   112 33B2 91 88			sta (Ptr_Lo),y
   113 33B4 88				dey
   114 33B5 D0 F8			bne Print_Loading_L1
   115
   116 33B7 A0 00			ldy #$00
   117 33B9 E6 89			inc Ptr_Hi
   118 33BB			Print_Loading_L2						; Copy the 2nd $100 bytes
   119 33BB B9 FC 34			lda Step1_Message+$100,y
   120 33BE 91 88			sta (Ptr_Lo),y
   121 33C0 88				dey
   122 33C1 D0 F8			bne Print_Loading_L2
   123
   124 33C3 A0 00			ldy #$00
   125 33C5 E6 89			inc Ptr_Hi
   126 33C7			Print_Loading_L3						; Copy the 3rd $100 bytes
   127 33C7 B9 FC 35			lda Step1_Message+$200,y
   128 33CA 91 88			sta (Ptr_Lo),y
   129 33CC 88				dey
   130 33CD D0 F8			bne Print_Loading_L3
   131
   132 33CF A0 E5			ldy #<(Device-Step1_Message-1)
   133 33D1 E6 89			inc Ptr_Hi
   134 33D3			Print_Loading_L4						; Copy the final partial page
   135 33D3 B9 FC 36			lda Step1_Message+$300,y
   136 33D6 91 88			sta (Ptr_Lo),y
   137 33D8 88				dey
   138 33D9 D0 F8			bne Print_Loading_L4
   139
   140 33DB C6 89			dec Ptr_Hi
   141 33DD C6 89			dec Ptr_Hi
   142 33DF C6 89			dec Ptr_Hi							; Restore to beginning of screen RAM
   143 33E1 A9 CA			lda #$CA
   144 33E3 85 80			sta Reg1							; Pointer to screen RAM for progress dots
   145
   146 33E5 AD 87 04			lda Video_Flag
   147 33E8 F0 0F			beq Print_Loading_Done
   148 				; Print NTSC_Warning_Message - line 2 (y = $51)
   149 33EA A0 51			ldy #$51
   150 33EC A2 00			ldx #$00
   151 33EE			NTSC_Warning_Message_L1
   152 33EE BD BC 37			lda NTSC_Warning_Message,x
   153 33F1 91 88			sta (Ptr_Lo),y
   154 33F3 E8				inx
   155 33F4 C8				iny
   156 33F5 E0 26			cpx #$26							; Copy $26 characters
   157 33F7 D0 F5			bne NTSC_Warning_Message_L1
   158
   159 33F9			Print_Loading_Done
   160 33F9 60				rts									; Return controll to loader
   161
   162 33FA			Clear_Screen
   163 33FA 7D 9B			.byte $7D,$9B
   164 33FC			Step1_Message							; Internal screen codes
   165 33FC 51 52 52 52 52 52 + 	.byte $51,$52,$52,$52,$52,$52,$52,$52,$52,$52,$52,$52,$52,$52,$52,$52,$52,$52,$52,$52,$52,$52,$52,$52,$52,$52,$52,$52,$52,$52,$52,$52,$52,$52,$52,$52,$52,$52,$52,$45
   166 3424 7C 00 00 00 00 2C + 	.byte $7C,$00,$00,$00,$00,$2C,$6F,$61,$64,$69,$6E,$67,$00,$36,$22,$38,$25,$00,$22,$6C,$69,$74,$74,$65,$72,$00,$24,$65,$6D,$6F,$00,V_0,$0E,V_1,V_2,V_3,$00,$00,$00,$7C
   167 344C 7C 00 00 00 00 00 + 	.byte $7C,$00,$00,$00,$00,$00,$00,$00,$00,$00,$00,$00,$00,$00,$00,$00,$00,$00,$00,$00,$00,$00,$00,$00,$00,$00,$00,$00,$00,$00,$00,$00,$00,$00,$00,$00,$00,$00,$00,$7C
   168 3474 7C 00 00 00 00 00 + 	.byte $7C,$00,$00,$00,$00,$00,$00,$00,$00,$00,$00,$00,$00,$00,$00,$00,$00,$00,$00,$00,$00,$00,$00,$00,$00,$00,$00,$00,$00,$00,$00,$00,$00,$00,$00,$00,$00,$00,$00,$7C
   169 349C 41 52 52 52 52 52 + 	.byte $41,$52,$52,$52,$52,$52,$52,$52,$52,$52,$52,$52,$52,$52,$52,$52,$52,$52,$52,$52,$52,$52,$52,$52,$52,$52,$52,$52,$52,$52,$52,$52,$52,$52,$52,$52,$52,$52,$52,$44
   170 34C4 7C 00 00 00 00 00 + 	.byte $7C,$00,$00,$00,$00,$00,$00,$00,$00,$00,$00,$00,$00,$00,$00,$00,$00,$00,$00,$00,$00,$00,$00,$00,$00,$00,$00,$00,$00,$00,$00,$00,$00,$00,$00,$00,$00,$00,$00,$7C
   171 34EC 41 52 52 52 52 52 + 	.byte $41,$52,$52,$52,$52,$52,$52,$52,$52,$52,$52,$52,$52,$52,$52,$52,$52,$52,$52,$52,$52,$52,$52,$52,$52,$52,$52,$52,$52,$52,$52,$52,$52,$52,$52,$52,$52,$52,$52,$44
   172 3514			Intro_Text_Message
   173 3514 7C 34 68 69 73 00 + 	.sb $7C,'This demo was inspired by an STE Demo ',$7C
   174 353C 7C 00 77 77 77 0E + 	.sb $7C,' www.youtube.com/watch?v=x1ekLXdo-2c  ',$7C
   175 3564 7C 00 12 14 00 13 + 	.sb $7C,' 24 32x32 objects 320x256x 16 @ 50 Hz ',$7C
   176 358C 7C 29 00 6D 61 6E + 	.sb $7C,'I managed to get quite a bit more!    ',$7C
   177 35B4 7C 00 13 17 00 13 + 	.sb $7C,' 37 32x32 objects 320x240x256 @ 50 Hz ',$7C
   178 35DC 7C 00 00 00 00 00 + 	.sb $7C,'                                      ',$7C
   179 3604 7C 36 69 64 65 6F + 	.sb $7C,'Video is 3 hardware layers overlaid:  ',$7C
   180 362C 7C 00 21 2E 34 29 + 	.sb $7C,' ANTIC Displays 320*240 monochrome BG ',$7C
   181 3654 7C 00 36 22 38 25 + 	.sb $7C,' VBXE Colour Map : 208 colours for BG ',$7C
   182 367C 7C 00 36 22 38 25 + 	.sb $7C,' VBXE Blits  37 32*32 Sprites @ 50Hz  ',$7C
   183 36A4 7C 00 32 2D 34 00 + 	.sb $7C,' RMT  Music Player 4 channels @ 50Hz  ',$7C
   184 36CC 7C 00 00 00 00 00 + 	.sb $7C,'                                      ',$7C
   185 36F4 7C 23 6F 64 65 00 + 	.sb $7C,'Code  : Stephen (MADS + VS Code)      ',$7C
   186 371C 7C 27 72 61 66 69 + 	.sb $7C,'Grafix: Stephen (GIMP + Custom Toolz) ',$7C
   187 3744 7C 2D 75 73 69 78 + 	.sb $7C,'Musix : Atari LED (c)Michal Szpilowski',$7C
   188 376C 7C 00 00 00 00 00 + 	.sb $7C,'        Radek Sterba (RIP) RMT Player ',$7C
   189 3794 5A 52 52 52 52 52 + 	.byte $5A,$52,$52,$52,$52,$52,$52,$52,$52,$52,$52,$52,$52,$52,$52,$52,$52,$52,$52,$52,$52,$52,$52,$52,$52,$52,$52,$52,$52,$52,$52,$52,$52,$52,$52,$52,$52,$52,$52,$43
   190 37BC			NTSC_Warning_Message
   191 37BC 2E 34 33 23 00 24 + 	.sb 'NTSC Detected - limiting to 24 sprites'
   192 37E2			Device
   193 37E2 45 3A 9B			dta c'E:',$9B
   194 				.endp
   195 02E2-02E3> 00 33			ini Step_1
   196
   197 				; Step $02 - Ensure RAMTOP is = $C0 and no BASIC cart/ROM is present
   198 					org LOAD_ADDRESS + $300
   199 3300			.proc Check_RAMTOP
   200 				; Disable BASIC
   201 3300-33A2> A9 C0			lda #$C0							; Check if RAMTOP is already OK
   202 3302 C5 6A			cmp RAMTOP							; Prevent flickering if BASIC is already off
   203 3304 F0 38			beq Ram_Ok
   204
   205 3306 A9 01			lda #$01							; Set BASICF for OS
   206 3308 8D F8 03			sta BASICF							; So BASIC remains OFF after RESET
   207
   208 330B AD 01 D3			lda PORTB							; Disable BASIC bit in PORTB for MMU
   209 330E 09 02			ora #$02							; By Setting bit 2
   210 3310 8D 01 D3			sta PORTB
   211
   212 3313 AD 00 A0			lda $A000							; Check if BASIC ROM area is now RAM
   213 3316 EE 00 A0			inc $A000							; This will also catch SDX not launching
   214 3319 CD 00 A0			cmp $A000							; The app via X
   215 331C F0 21			beq Ram_Not_Ok						; If not, perform print error and exit
   216
   217 331E A9 0C			lda #$0C							; 12 = CLOSE
   218 3320 20 2E 33			jsr Do_CIOV							; Close editor
   219
   220 3323 A9 C0			lda #$C0
   221 3325 85 6A			sta RAMTOP							; Set RAMTOP to end of BASIC
   222 3327 8D E4 02			sta RAMSIZ							; Set RAMSIZ also
   223
   224 332A A2 00			ldx #$00							; Channel #0
   225 332C A9 04			lda #$04							; 4 = OPEN_READ
   226 332E			Do_CIOV
   227 332E 8D 42 03			sta ICCOM							; Store the Command
   228 3331 A9 68			lda #<Device_Name
   229 3333 8D 44 03			sta ICBAL							; Use channel #0
   230 3336 A9 33			lda #>Device_Name
   231 3338 8D 45 03			sta ICBAH
   232 333B 20 56 E4			jsr CIOV
   233
   234 333E			Ram_Ok
   235 333E 60				rts
   236
   237 333F			Ram_Not_Ok								; Add your error handling here, there still is a ROM....
   238 333F A0 42			ldy #$42							; Dark Red
   239 3341 8C C6 02			sty COLOR2							; Set playfield
   240
   241 				; Print RAM_Failure_Message - line 3 (y = $79)
   242 3344 A0 79			ldy #$79
   243 3346 A2 00			ldx #$00
   244 3348			RAM_Failure_Message_L1
   245 3348 BD 6B 33			lda RAM_Failure_Message_Line1,x
   246 334B 91 88			sta (Ptr_Lo),y
   247 334D E8				inx
   248 334E C8				iny
   249 334F E0 23			cpx #$23							; Copy $23 characters
   250 3351 D0 F5			bne RAM_Failure_Message_L1
   251
   252 				; Print RAM_Failure_Message - line 5
   253 3353 A0 D1			ldy #$D1
   254 3355 A2 00			ldx #$00
   255 3357			RAM_Failure_Message_L2
   256 3357 BD 8E 33			lda RAM_Failure_Message_Line2,x
   257 335A 91 88			sta (Ptr_Lo),y
   258 335C E8				inx
   259 335D C8				iny
   260 335E E0 15			cpx #$15							; Copy $15 characters
   261 3360 D0 F5			bne RAM_Failure_Message_L2
   262
   263 3362 20 F9 31			jsr Wait_For_Key_Exit
   264
   265 3365 4C 74 E4			jmp WARMSV							; Warm Start
   266
   267 3368			Device_Name
   268 3368 45 3A 00			dta c'E:', $00
   269 336B			RAM_Failure_Message_Line1
   270 336B 34 68 69 73 00 70 + 	.sb 'This program requires at least 48kB'
   271 338E			RAM_Failure_Message_Line2
   272 338E 30 72 65 73 73 00 + 	.sb 'Press any key to exit'
   273 				.endp
   274 02E2-02E3> 00 33			ini Check_RAMTOP
   275
   276 				; Step $03 - Detect the VBXE and print address or Quit if not found
   277 					org LOAD_ADDRESS + $300
   278 3300			.proc Detecting_VBXE
   279 3300-338E> 20 2B 31		jsr VBXE_Detect						; VBXE core 1.07 and above detection
   280 3303 90 1A			bcc VBXE_Found						; If found skip the code below
   281
   282 3305			VBXE_Not_Found
   283 3305 A0 42			ldy #$42							; Dark Red
   284 3307 8C C6 02			sty COLOR2							; Set playfield
   285
   286 				; Print VBXE_NPresent - line 3 (y = $79)
   287 330A A0 79			ldy #$79
   288 330C A2 00			ldx #$00
   289 330E			Print_VBXE_NPresent_L1
   290 330E BD 6B 33			lda VBXE_NPresent,x
   291 3311 91 88			sta (Ptr_Lo),y
   292 3313 E8				inx
   293 3314 C8				iny
   294 3315 E0 24			cpx #$24							; Copy $24 characters
   295 3317 D0 F5			bne Print_VBXE_NPresent_L1
   296
   297 3319 20 F9 31			jsr Wait_For_Key_Exit
   298 331C 4C B1 31			jmp Cleanup_Exit					; Cleanup then return controll to DOS
   299
   300 331F			VBXE_Found
   301 331F A0 36			ldy #$36							; ASCII 6
   302 3321 E0 D6			cpx #$D6
   303 3323 F0 04			beq VBXE_Found_Done					; VBXE at D6
   304 3325 EE 5B 33			inc VBXE_Address+1					; VBXE at D7 so change text!
   305 3328 C8				iny									; Now ASCII 7
   306
   307 3329			VBXE_Found_Done
   308 3329 84 81			sty Reg2							; Save for later so we can update the About Panel
   309 				; Print VBXE_Detected - line 3 (y = $79)
   310 332B A0 79			ldy #$79
   311 332D A2 00			ldx #$00
   312 332F			Print_VBXE_Detected_L1
   313 332F BD 49 33			lda VBXE_Detected,x
   314 3332 91 88			sta (Ptr_Lo),y
   315 3334 E8				inx
   316 3335 C8				iny
   317 3336 E0 21			cpx #$21							; Copy $21 characters
   318 3338 D0 F5			bne Print_VBXE_Detected_L1
   319
   320 				; Update Progress bar - line 5 (y = $CB + (4 * increment #))
   321 333A A4 80			ldy Reg1
   322 333C A9 54			lda #$54							; Screen RAM code for Ctrl+T
   323 333E A2 04			ldx #$04							; Number of dots to write
   324 3340			Progress_Bar_Loop
   325 3340 91 88			sta (Ptr_Lo),y
   326 3342 C8				iny
   327 3343 CA				dex
   328 3344 D0 FA			bne Progress_Bar_Loop
   329 3346 84 80			sty Reg1							; Save pointer for progress bar updates
   330
   331 3348 60				rts									; Return controll to loader
   332
   333 3349			VBXE_Detected
   334 3349 36 22 38 25 00 24 + 	.sb 'VBXE Detected at '
   335 335A			VBXE_Address
   336 335A 04 24 16 14 10 00 + 	.sb '$D640            '
   337 336B			VBXE_NPresent
   338 336B 00 00 01 00 36 22 + 	.sb '  ! VBXE not found - any key Quit ! '
   339
   340 				.endp
   341 02E2-02E3> 00 33			ini Detecting_VBXE
   342
   343 				; Step $04 - Clear VBXE RAM
   344 					org LOAD_ADDRESS + $300
   345 3300			.proc clear_vbxe
   346 				; Print Clearing_Message - line 3 (y = $79)
   347 3300-3382> A0 79			ldy #$79
   348 3302 A2 00			ldx #$00
   349 3304			Print_Clearing_Message_L1
   350 3304 BD 62 33			lda Clearing_Message,x
   351 3307 91 88			sta (Ptr_Lo),y
   352 3309 E8				inx
   353 330A C8				iny
   354 330B E0 21			cpx #$21							; Copy $21 characters
   355 330D D0 F5			bne Print_Clearing_Message_L1
   356
   357 				; Update Progress bar - line 5 (y = $CB + (5 * increment #))
   358 330F A4 80			ldy Reg1
   359 3311 A9 54			lda #$54							; Screen RAM code for Ctrl+T
   360 3313 A2 05			ldx #$05							; Number of dots to write
   361 3315			Progress_Bar_Loop
   362 3315 91 88			sta (Ptr_Lo),y
   363 3317 C8				iny
   364 3318 CA				dex
   365 3319 D0 FA			bne Progress_Bar_Loop
   366 331B 84 80			sty Reg1							; Save pointer for progress bar updates
   367
   368 				; Set the base address of MEMA window to VBXE_WINDOW
   369 				; Size to 4k and accesible only by CPU
   370 331D A9 28			lda #>VBXE_WINDOW + 8
   371 331F 8D 5E D6			sta VBXE_MA_CTL
   372
   373 3322 A9 80			lda #$00 | MEMAC_GLOBAL_ENABLE		; Bank $00 VBXE Window Enabled
   374 3324 8D 5F D6			sta VBXE_MA_BSEL
   375
   376 					; Copy blit to VBXE memory
   377 3327 A2 14			ldx #$14
   378 3329 BD 4D 33 9D 00 20 + 	mva:rpl blit_clear,x VBXE_WINDOW,x-
   379
   380 					; Kick blit
   381 3332 A9 00			lda #$00
   382 3334 8D 50 D6			sta VBXE_BL_ADR0
   383 3337 8D 51 D6			sta VBXE_BL_ADR1
   384 333A 8D 52 D6			sta VBXE_BL_ADR2
   385 333D A9 01			lda #$01
   386 333F 8D 53 D6			sta VBXE_BLITTER_START				; Start the blit
   387
   388 					; Wait for blit complete
   389 3342 AD 53 D6 D0 FB		lda:rne VBXE_BLITTER_BUSY
   390
   391 3347 A9 00			lda #MEMAC_GLOBAL_DISABLE			; USE CPU address space
   392 3349 8D 5F D6			sta VBXE_MA_BSEL
   393
   394 334C 60				rts									; Return controll to loader
   395
   396 334D			blit_clear
   397 					; clear 496kB (leave bottom 16kB for the SVBXE.SYS driver)
   398 					; 496x16 zoom 8x8 clear blit (this takes 2 frames)
   399
   400 					;	dta e($00000)	; Source address
   401 					;	dta a($0000)	; Source step y
   402 					;	dta 0			; Source step x
   403 					;	dta e($7BFFF)	; Destination address
   404 					;	dta a(-$0F80)	; Destination step y (backwards 3968 bytes) - NOTE: this equals 496 * zoom factor of 8
   405 					;	dta -1			; Destination step x (backwards	1 byte)
   406 					;	dta a($01EF)	; Width-1  (495)	496 * 8 bytes wide
   407 					;	dta $0F			; Height-1 (15)		 16 * 8 bytes high
   408 					;	dta $00			; And mask (And mask equal to 0 so clear)
   409 					;	dta $00			; Xor mask (will be filled with xor mask)
   410 					;	dta $00			; Collision and mask
   411 					;	dta $77			; Zoom (BLT_ZOOMY = 7, BLT_ZOOMX = 7 so 8Y*8X)
   412 					;	dta $00			; Pattern feature
   413 					;	dta $00			; Control (Mode 0 with NEXT bit Cleared)
   414
   415 334D 00 00 00 00 00 00 + 	dta e($00000), a($0000), 0, e($7BFFF), a(-$0F80), -1, a($01EF), $0F, $00, $00, $00, $77, $00, $00
   416 3362			Clearing_Message
   417 3362 23 6C 65 61 72 69 + 	.sb 'Clearing VBXE RAM                '
   418
   419 				.endp
   420 02E2-02E3> 00 33			ini clear_vbxe
   421
   422 				; Step $05 - Load the XDL
   423 					org LOAD_ADDRESS + $300
   424 3300			.proc Load_XDL
   425 3300-3343> A9 80			lda #$00 | MEMAC_GLOBAL_ENABLE		; Bank $00 VBXE Window Enabled
   426 3302 8D 5F D6			sta VBXE_MA_BSEL
   427
   428 				; Print Load_XDL_Message - line 3 (y = $79)
   429 3305 A0 79			ldy #$79
   430 3307 A2 00			ldx #$00
   431 3309			Print_Load_XDL_Message_L1
   432 3309 BD 23 33			lda Load_XDL_Message,x
   433 330C 91 88			sta (Ptr_Lo),y
   434 330E E8				inx
   435 330F C8				iny
   436 3310 E0 21			cpx #$21							; Copy $21 characters
   437 3312 D0 F5			bne Print_Load_XDL_Message_L1
   438
   439 				; Update Progress bar - line 5 (y = $CB + (4 * increment #))
   440 3314 A4 80			ldy Reg1
   441 3316 A9 54			lda #$54							; Screen RAM code for Ctrl+T
   442 3318 A2 04			ldx #$04							; Number of dots to write
   443 331A			Progress_Bar_Loop
   444 331A 91 88			sta (Ptr_Lo),y
   445 331C C8				iny
   446 331D CA				dex
   447 331E D0 FA			bne Progress_Bar_Loop
   448 3320 84 80			sty Reg1							; Save pointer for progress bar updates
   449
   450 3322 60				rts									; Return controll to loader
   451
   452 3323			Load_XDL_Message
   453 3323 2C 6F 61 64 69 6E + 	.sb 'Loading xdl.asm                  '
   454
   455 				.endp
   456 02E2-02E3> 00 33			ini Load_XDL
   457
   458 					org VBXE_WINDOW + $400				; Load data directly into VBXE RAM
   459 2400			XDL_START
   460 2400				icl 'xdl.asm'
Source: xdl.asm
     1 				; With Attribute Map (Colour Map enabled)
     2 2400			XDL_Attribute							; Graphics mode,SD resolution, 240 lines, start at $20000, $200 bytes/line
     3 				;		 76543210  76543210
     4 2400-2420> 6A 0E			dta %01101010,%00001110				; XDLC (2 Bytes)
     5 2402 EE				dta $EE								; XDLC_RPTL (1 byte)
     6 2403 00 00 02 00 02		dta $00,$00,$02,$00,$02				; XDLC_OVADR (5 bytes)
     7 2408 00 00 06 28 00		dta $00,$00,$06,$28,$00				; XDLC_MAPADR (5 bytes)
     8 240D 00 00 1F 00			dta $00,$00,$1F,$00					; XDLC_MAPPAR (4 bytes)
     9 2411 11 FF			dta %00010001,$FF					; XDLC_OVATT (2 bytes)
    10 				;		 76543210  76543210
    11 2413 00 80			dta %00000000,%10000000				; XDLC (2 Bytes) - End of XDL, wait for VSYNC
    12
    13 				; Without Attribute Map (Colour Map disabled) - starts at offset $15 from XDL_Attribute
    14 2415			XDL_Normal								; Graphics mode,SD resolution, 240 lines, start at $20000, $200 bytes/line
    15 				;		 76543210
    16 2415 72				dta %01110010						; XDLC Byte 1 $72 (XDLC_GMON | XDLC_MAPOFF | XDLC_RPTL | XDLC_OVADR)
    17 2416 08				dta %00001000						; XDLC Byte 2 $08 (XDLC_ATT)
    18 2417 EE				dta $EE								; XDLC_RPTL (1 byte)
    19 2418 00 00 02 00 02		dta $00,$00,$02,$00,$02				; XDLC_OVADR (5 bytes) - same Screen 1/2 addresses as XDL_Attribute
    20 241D 11 FF			dta %00010001,$FF					; XDLC_OVATT (2 bytes)
    21 				;		 76543210  76543210
    22 241F 00 80			dta %00000000,%10000000				; XDLC (2 Bytes) - End of XDL, wait for VSYNC
   461 = 0021			XDL_Length	equ *-XDL_START
   462
   463 				; Step $06 - Load the BCBs
   464 					org LOAD_ADDRESS + $300
   465 3300			.proc Load_BCB
   466 3300-3343> A9 80			lda #$00 | MEMAC_GLOBAL_ENABLE		; Bank $00 VBXE Window Enabled
   467 3302 8D 5F D6			sta VBXE_MA_BSEL
   468
   469 				; Print Load_BCB_Message - line 3 (y = $79)
   470 3305 A0 79			ldy #$79
   471 3307 A2 00			ldx #$00
   472 3309			Print_Load_BCB_Message_L1
   473 3309 BD 23 33			lda Load_BCB_Message,x
   474 330C 91 88			sta (Ptr_Lo),y
   475 330E E8				inx
   476 330F C8				iny
   477 3310 E0 21			cpx #$21							; Copy $21 characters
   478 3312 D0 F5			bne Print_Load_BCB_Message_L1
   479
   480 				; Update Progress bar - line 5 (y = $CB + (5 * increment #))
   481 3314 A4 80			ldy Reg1
   482 3316 A9 54			lda #$54							; Screen RAM code for Ctrl+T
   483 3318 A2 05			ldx #$05							; Number of dots to write
   484 331A			Progress_Bar_Loop
   485 331A 91 88			sta (Ptr_Lo),y
   486 331C C8				iny
   487 331D CA				dex
   488 331E D0 FA			bne Progress_Bar_Loop
   489 3320 84 80			sty Reg1							; Save pointer for progress bar updates
   490
   491 3322 60				rts									; Return controll to loader
   492
   493 3323			Load_BCB_Message
   494 3323 2C 6F 61 64 69 6E + 	.sb 'Loading bcbs.asm                 '
   495
   496 				.endp
   497 02E2-02E3> 00 33			ini Load_BCB
   498
   499 					org VBXE_WINDOW + $500				; Load data directly into VBXE RAM
   500 2500			BCB_START
   501 2500				icl 'bcbs.asm'
Source: bcbs.asm
     1 2500			BLT_BALL
     2 2500-2568> 00 00 01		dta $00,$00,$01						; Source address
     3 2503 20 00			dta $20,$00							; Source step y
     4 2505 01				dta $01								; Source step x
     5 2506 00 00 02			dta $00,$00,$02						; Destination address
     6 2509 00 02			dta $00,$02							; Destination step y
     7 250B 01				dta $01								; Destination step x
     8 250C 1F 00			dta $1F,$00							; Width
     9 250E 1F				dta $1F								; Height
    10 250F FF				dta $FF								; And mask
    11 2510 00				dta $00								; Xor mask
    12 2511 00				dta $00								; Collision and mask
    13 2512 00				dta $00								; Zoom
    14 2513 00				dta $00								; Pattern feature
    15 2514 01				dta $01								; Control
    16
    17 2515			BLT_BAKGRND
    18 2515 00 00 00			dta $00,$00,$00						; Source address
    19 2518 00 00			dta $00,$00							; Source step y
    20 251A 00				dta $00								; Source step x
    21 251B 00 00 02			dta $00,$00,$02						; Destination address
    22 251E 00 02			dta $00,$02							; Destination step y
    23 2520 01				dta $01								; Destination step x
    24 2521 27 00			dta $27,$00							; Width
    25 2523 1D				dta $1d								; Height
    26 2524 00				dta $00								; And mask (and mask equal to 0, memory will be filled with xor mask)
    27 2525 00				dta $00								; Xor mask
    28 2526 00				dta $00								; Collision and mask
    29 2527 77				dta $77								; Zoom
    30 2528 00				dta $00								; Patter feature
    31 2529 00				dta $00								; Control
    32
    33 				; Clear 496kB (leave bottom 16kB for the SVBXE.SYS driver)
    34 				; 496x16 zoom 8x8 clear blit (this takes 2 frames)
    35 252A			BLT_CLEAR
    36 252A 00 00 00			dta $00,$00,$00						; Source address
    37 252D 00 00			dta $00,$00							; Source step y
    38 252F 00				dta $00								; Source step x
    39 2530 FF BF 07			dta $FF,$BF,$07						; Destination address
    40 2533 80 F0			dta a(-$0F80)						; Destination step y (backwards 3968 bytes) - NOTE: this equals 496 * zoom factor of 8
    41 2535 FF				dta -$01							; Destination step x (backwards	1 byte)
    42 2536 EF 01			dta $EF,$01							; Width-1  (495)	496 * 8 bytes wide
    43 2538 0F				dta $0F								; Height-1 (15)		 16 * 8 bytes high
    44 2539 00				dta $00								; And mask (And mask equal to 0 so clear)
    45 253A 00				dta $00								; Xor mask (will be filled with xor mask)
    46 253B 00				dta $00								; Collision and mask
    47 253C 77				dta $77								; Zoom (BLT_ZOOMY = 7, BLT_ZOOMX = 7 so 8Y*8X)
    48 253D 00				dta $00								; Pattern feature
    49 253E 00				dta $00								; Control (Mode 0 with NEXT bit Cleared)
    50
    51 				; Fill the ColourMap area ($60000-$62580, 9600 bytes) with $50 every 4 bytes
    52 				; This sets up the Palette & Priority bytes for the entire Colour Map
    53 				; 10 cells/line (32-pixel cells) x 4 bytes/cell = $28 bytes/line, 240 lines
    54 253F			BLT_SETUP_CMAP_1
    55 253F 00 00 00			dta $00,$00,$00						; Source address
    56 2542 00 00			dta $00,$00							; Source step y
    57 2544 00				dta $00								; Source step x
    58 2545 03 00 06			dta $03,$00,$06						; Destination address ($60003)
    59 2548 28 00			dta $28,$00							; Destination step y ($28 bytes/line)
    60 254A 04				dta $04								; Destination step x
    61 254B 09 00			dta $09,$00							; Width (9 = 10 cells/line, count-1)
    62 254D EF				dta $EF								; Height ($F0)
    63 254E 00				dta $00								; And mask
    64 254F 50				dta $50								; Xor mask
    65 2550 00				dta $00								; Collision and mask
    66 2551 00				dta $00								; Zoom
    67 2552 00				dta $00								; Pattern feature
    68 2553 00				dta $00								; Control
    69
    70 				; Fill the ColourMap area with a single line ($28 bytes) of
    71 				; Local substitute of the COLPF1 register (GTIA)
    72 				; This BCB gets modified before each call
    73 				; Starting address increments by $28 each time
    74 				; Xor mask pulls values from the temp table at $0600
    75 2554			BLT_SETUP_CMAP_2
    76 2554 00 00 00			dta $00,$00,$00						; Source address
    77 2557 00 00			dta $00,$00							; Source step y
    78 2559 00				dta $00								; Source step x
    79 255A 01 00 06			dta $01,$00,$06						; Destination address ($60001)
    80 255D 28 00			dta $28,$00							; Destination step y ($28 bytes/line)
    81 255F 04				dta $04								; Destination step x
    82 2560 09 00			dta $09,$00							; Width (9 = 10 cells/line, count-1)
    83 2562 00				dta $00								; Height ($01)
    84 2563 00				dta $00								; And mask
    85 2564 69				dta $69								; Xor mask
    86 2565 00				dta $00								; Collision and mask
    87 2566 00				dta $00								; Zoom
    88 2567 00				dta $00								; Pattern feature
    89 2568 00				dta $00								; Control
   502 = 0069			BLT_Length	equ *-BCB_START
   503
   504 				; Step $07 - Load VBXE Palette #1
   505 					org LOAD_ADDRESS + $300
   506 3300			.proc Load_Palette
   507 3300-364F> A9 00			lda #MEMAC_GLOBAL_DISABLE			; USE CPU address space
   508 3302 8D 5F D6			sta VBXE_MA_BSEL
   509
   510 				; Print Load_Palette_Message - line 3 (y = $79)
   511 3305 A0 79			ldy #$79
   512 3307 A2 00			ldx #$00
   513 3309			Print_Load_Palette_Message_L1
   514 3309 BD 30 33			lda Load_Palette_Message,x
   515 330C 91 88			sta (Ptr_Lo),y
   516 330E E8				inx
   517 330F C8				iny
   518 3310 E0 21			cpx #$21							; Copy $21 characters
   519 3312 D0 F5			bne Print_Load_Palette_Message_L1
   520
   521 				; Update Progress bar - line 5 (y = $CB + (4 * increment #))
   522 3314 A4 80			ldy Reg1
   523 3316 A9 54			lda #$54							; Screen RAM code for Ctrl+T
   524 3318 A2 04			ldx #$04							; Number of dots to write
   525 331A			Progress_Bar_Loop
   526 331A 91 88			sta (Ptr_Lo),y
   527 331C C8				iny
   528 331D CA				dex
   529 331E D0 FA			bne Progress_Bar_Loop
   530 3320 84 80			sty Reg1							; Save pointer for progress bar updates
   531
   532 3322 A9 50 85 93 A9 33 + 	mwa #Palette Y_Register
   533 332A A9 01			lda #$01							; Set Palette 1
   534 332C 20 59 31			jsr VBXE_SetPalette2
   535
   536 332F 60				rts									; Return controll to loader
   537
   538 3330			Load_Palette_Message
   539 3330 2C 6F 61 64 69 6E + 	.sb 'Loading Palette.pal             '
   540 3350			Palette
   541 3350 00 00 00 25 25 25 + 	ins 'Assets\Palette.pal'
   542
   543 				.endp
   544 02E2-02E3> 00 33			ini Load_Palette
   545
   546 				; Step $08 - Load Ball Graphics into VBXE
   547 					org LOAD_ADDRESS + $300
   548 3300			.proc Load_Ball
   549 3300-3343> A9 90			lda #$10 | MEMAC_GLOBAL_ENABLE		; Bank $10 VBXE Window Enabled
   550 3302 8D 5F D6			sta VBXE_MA_BSEL
   551
   552 				; Print Load_Ball_Message - line 3 (y = $79)
   553 3305 A0 79			ldy #$79
   554 3307 A2 00			ldx #$00
   555 3309			Print_Load_Ball_Message_L1
   556 3309 BD 23 33			lda Load_Ball_Message,x
   557 330C 91 88			sta (Ptr_Lo),y
   558 330E E8				inx
   559 330F C8				iny
   560 3310 E0 21			cpx #$21							; Copy $21 characters
   561 3312 D0 F5			bne Print_Load_Ball_Message_L1
   562
   563 				; Update Progress bar - line 5 (y = $CB + (5 * increment #))
   564 3314 A4 80			ldy Reg1
   565 3316 A9 54			lda #$54							; Screen RAM code for Ctrl+T
   566 3318 A2 05			ldx #$05							; Number of dots to write
   567 331A			Progress_Bar_Loop
   568 331A 91 88			sta (Ptr_Lo),y
   569 331C C8				iny
   570 331D CA				dex
   571 331E D0 FA			bne Progress_Bar_Loop
   572 3320 84 80			sty Reg1							; Save pointer for progress bar updates
   573
   574 3322 60				rts									; Return controll to loader
   575
   576 3323			Load_Ball_Message
   577 3323 2C 6F 61 64 69 6E + 	.sb 'Loading Ball32.raw               '
   578
   579 				.endp
   580 02E2-02E3> 00 33			ini Load_Ball
   581
   582 					org VBXE_WINDOW						; Load data directly into VBXE RAM
   583 2000			Ball
   584 2000-23FF> 00 00 00 00 + 	ins 'Assets\Ball32.raw'
   585
   586 				; Step $09 - Load the background tiles into CPU RAM @ SCREEN_RAM
   587 					org LOAD_ADDRESS + $300
   588 3300			.proc Load_Background
   589
   590 				; Print Load_Background_Message - line 3 (y = $79)
   591 3300-333D> A0 79			ldy #$79
   592 3302 A2 00			ldx #$00
   593 3304			Load_Background_Message_L1
   594 3304 BD 1E 33			lda Load_Background_Message,x
   595 3307 91 88			sta (Ptr_Lo),y
   596 3309 E8				inx
   597 330A C8				iny
   598 330B E0 21			cpx #$21							; Copy $21 characters
   599 330D D0 F5			bne Load_Background_Message_L1
   600
   601 				; Update Progress bar - line 5 (y = $CB + (4 * increment #))
   602 330F A4 80			ldy Reg1
   603 3311 A9 54			lda #$54							; Screen RAM code for Ctrl+T
   604 3313 A2 04			ldx #$04							; Number of dots to write
   605 3315			Progress_Bar_Loop
   606 3315 91 88			sta (Ptr_Lo),y
   607 3317 C8				iny
   608 3318 CA				dex
   609 3319 D0 FA			bne Progress_Bar_Loop
   610 331B 84 80			sty Reg1							; Save pointer for progress bar updates
   611
   612 331D 60				rts									; Return controll to loader
   613
   614 331E			Load_Background_Message
   615 331E 2C 6F 61 64 69 6E + 	.sb 'Loading Fuji_Mono.raw           '
   616
   617 				.endp
   618 02E2-02E3> 00 33			ini Load_Background
   619
   620 					org SCREEN_RAM						; Load data directly into CPU RAM
   621 8000			FujiGraphics_Mono
   622 8000-8207> 03 6C 00 36 + 	ins 'Assets\Fuji_Mono.raw'			; $520 bytes
   623
   624 				; Step $0A - Display final message and wait for key
   625 					org LOAD_ADDRESS + $300
   626 3300			.proc Wait_Key
   627
   628 				; Print Load_Palette_Message - line 3 (y = $79)
   629 3300-334F> A0 79			ldy #$79
   630 3302 A2 00			ldx #$00
   631 3304			Wait_Key_Message_L1
   632 3304 BD 2F 33			lda Wait_Key_Message,x
   633 3307 91 88			sta (Ptr_Lo),y
   634 3309 E8				inx
   635 330A C8				iny
   636 330B E0 21			cpx #$21							; Copy $21 characters
   637 330D D0 F5			bne Wait_Key_Message_L1
   638
   639 				; Update Progress bar - line 5 (y = $CB + (5 * increment #))
   640 330F A4 80			ldy Reg1
   641 3311 A9 54			lda #$54							; Screen RAM code for Ctrl+T
   642 3313 A2 05			ldx #$05							; Number of dots to write
   643 3315			Progress_Bar_Loop
   644 3315 91 88			sta (Ptr_Lo),y
   645 3317 C8				iny
   646 3318 CA				dex
   647 3319 D0 FA			bne Progress_Bar_Loop
   648 331B 84 80			sty Reg1							; Save pointer for progress bar updates
   649
   650 331D			Wait_For_Key_Exit
   651 331D A9 FF			lda #$FF
   652 331F 8D FC 02			sta CH								; Clear last key pressed
   653 3322			Wait_For_Key_Exit_L1
   654 3322 AD FC 02			lda CH
   655 3325 C9 FF			cmp #$FF
   656 3327 F0 F9			beq Wait_For_Key_Exit_L1			; Wait for Key Press
   657
   658 3329 A9 FF			lda #$FF
   659 332B 8D FC 02			sta CH								; Clear last key pressed
   660
   661 332E 60				rts									; Return controll to loader
   662
   663 332F			Wait_Key_Message
   664 332F 30 72 65 73 73 00 + 	.sb 'Press any key to start the demo  '
   665 				.endp
   666 02E2-02E3> 00 33			ini Load_Background
   199
   200 					org LOAD_ADDRESS + $300				; Libraries live above
   201 				;-----------------------------------------------------------------------------
   202 				; Main loop
   203 				;-----------------------------------------------------------------------------
   204 3300			main
   205 				; Setup RMT
   206 3300-3824> A2 18			ldx #<music.module
   207 3302 A0 47			ldy #>music.module
   208 3304 A9 00			lda #$00
   209 3306 20 00 44			jsr music.init_song
   210
   211 3309 A9 00			lda #$00
   212 330B 85 8A			sta Do_Motion
   213
   214 330D A9 25			lda #MAX_SPRITES_PAL
   215 330F 85 8B			sta Num_Sprites
   216
   217 3311 A9 00			lda #$00							; Setup VBXE for displaying picture data
   218 3313 8D 41 D6			sta VBXE_XDL_ADR0					; But don't show the overlay just yet!
   219 3316 8D 43 D6			sta VBXE_XDL_ADR2
   220 3319 A9 04			lda #$04
   221 331B 8D 42 D6			sta VBXE_XDL_ADR1
   222
   223 331E A9 01			lda #$01
   224 3320 8D 88 04			sta Colour_Map_On					; XDL_Attribute (Colour Map on) is the active XDL
   225
   226 3323 A9 00			lda #$00
   227 3325 8D C6 02			sta COLOR2							; Set Playfield Black
   228 3328 20 C4 36			jsr Setup_DisplayList
   229 332B 20 F1 35			jsr Wait_For_Sync
   230
   231 332E A9 03			lda #%00000011						; XDL,XCOLOR Enabled and transparent color index 0
   232 3330 8D 40 D6			sta VBXE_VIDEO_CONTROL
   233
   234 3333 A9 FF			lda #$FF							; Must set priority when using Attribute Map
   235 3335 8D 55 D6			sta VBXE_P0							; because VBXE defaults PO-P$ to #$00 on power-up
   236
   237 				; Pre-fill both screen buffers with the background before animation starts
   238 3338 20 81 35			jsr Flip_Screen
   239 333B 20 1C 36			jsr Clear_Screen					; Draw background
   240 333E 20 81 35			jsr Flip_Screen
   241 3341 20 1C 36			jsr Clear_Screen					; Draw background
   242
   243 3344 20 DC 36			jsr Generate_Colour_Map				; So we don't have a boring monochrome background
   244
   245 3347 20 14 35			jsr Init_Objects					; Initialise all sprite structs
   246
   247 				; Point the buffer to the currently being displayed screen
   248 334A A9 80			lda #$80							; Bank $00 with global enable (XDL lives in bank $00)
   249 334C 8D 5F D6			sta VBXE_MA_BSEL
   250
   251 334F AD 05 24			lda VBXE_WINDOW + $405				; XDL Adr2 (byte 5 of XDL at VBXE_WINDOW+$400)
   252 3352 49 06			eor #$06							; Flip between $02 ($020000) and $04 ($040000)
   253 3354 8D 05 24			sta VBXE_WINDOW + $405				; XDL Adr2 (byte 5 of XDL at VBXE_WINDOW+$400)
   254
   255 				; Draw the initial bobs to the screen being displayed
   256 3357 20 F6 33			jsr Set_Positions					; Update positions, bounce, write BCBs, blit all sprites
   257
   258 				; Set it back
   259 335A A9 80			lda #$80							; Bank $00 with global enable (XDL lives in bank $00)
   260 335C 8D 5F D6			sta VBXE_MA_BSEL
   261
   262 335F AD 05 24			lda VBXE_WINDOW + $405				; XDL Adr2 (byte 5 of XDL at VBXE_WINDOW+$400)
   263 3362 49 06			eor #$06							; Flip between $02 ($020000) and $04 ($040000)
   264 3364 8D 05 24			sta VBXE_WINDOW + $405				; XDL Adr2 (byte 5 of XDL at VBXE_WINDOW+$400)
   265
   266 3367 A9 64			lda #$64							; Delay animation starting by $64 frames (2 PAL seconds)
   267 3369 85 80			sta Reg1
   268
   269 336B			Delay_Start
   270 336B 20 03 44			jsr music.play						; Play a frame of music
   271 336E 20 F1 35			jsr Wait_For_Sync
   272 3371 C6 80			dec Reg1
   273 3373 D0 F6			bne Delay_Start
   274
   275 3375 AD 87 04			lda Video_Flag
   276 3378 F0 04			beq Set_Do_Motion					; If PAL skip next 2 lines
   277
   278 337A A9 18			lda #MAX_SPRITES_NTSC				; Else limit # of sprites being shown
   279 337C 85 8B			sta Num_Sprites
   280
   281 337E			Set_Do_Motion
   282 337E A9 01			lda #$01
   283 3380 85 8A			sta Do_Motion						; Allow positions to update when blitting
   284
   285 3382			Main_Loop
   286 3382 A9 00			lda #$00
   287 3384 85 4D			sta ATRACT							; Disable Screensaver
   288
   289 				; Do all the work
   290 3386 20 03 44			jsr music.play						; Play a frame of music
   291 3389 20 F6 33			jsr Set_Positions					; Update positions, bounce, write BCBs, blit all sprites
   292 338C 20 81 35			jsr Flip_Screen						; Swap buffers
   293 338F 20 1C 36			jsr Clear_Screen					; Redraw background
   294
   295 				; Work done -wait for vertical synch before looping again
   296 3392			W_Synch_0
   297 3392 20 F1 35			jsr Wait_For_Sync					; Wait for VSYNC, Q quits
   298 3395 A9 FF			lda #$FF
   299 3397 8D FC 02			sta CH
   300 339A A9 00			lda #DBG_SINGLE_STEP
   301 339C F0 0F			beq Dont_Wait_Space_0
   302 339E			Wait_Space_0
   303 339E A9 00			lda #$00
   304 33A0 85 4D			sta ATRACT							; Disable screensaver
   305 33A2 AD FC 02			lda CH
   306 33A5 C9 2F			cmp #$2F							; Press Q to quit
   307 33A7 F0 07			beq Exit
   308 33A9 C9 21			cmp #$21							; Press Space to start
   309 33AB D0 F1			bne Wait_Space_0
   310 33AD			Dont_Wait_Space_0
   311 33AD 4C 82 33			jmp Main_Loop						; Animate forever
   312
   313 				; This is where we exit
   314 33B0			Exit
   315 33B0 A9 FF			lda #$FF
   316 33B2 8D FC 02			sta CH								; Clear last key pressed
   317
   318 33B5 A9 00			lda #$00
   319 33B7 8D 40 D6			sta VBXE_VIDEO_CONTROL				; Disable XDL
   320 33BA A9 00			lda #$00
   321 33BC 8D 5F D6			sta VBXE_MA_BSEL					; Restore main memory (and disable VBXE memory window at VBXE_WINDOW)
   322
   323 33BF 6C 0A 00			jmp (DOSVEC)						; Good bye ;)
   324
   325 				;-----------------------------------------------------------------------------
   326 				; Subroutines BEGIN
   327 				;-----------------------------------------------------------------------------
   328 				;-----------------------------------------------------------------------------
   329 				; Reverse_X - 2's complement negate of Delta_X_Sign:Delta_X:Delta_X_Frac
   330 				; Ptr_Lo/Ptr_Hi must point to the current Sprite struct
   331 				;-----------------------------------------------------------------------------
   332 33C2			Reverse_X
   333 33C2 38				sec
   334 33C3 A0 06			ldy #Spr_Delta_X_Frac
   335 33C5 A9 00			lda #$00
   336 33C7 F1 88			sbc (Ptr_Lo),y
   337 33C9 91 88			sta (Ptr_Lo),y
   338 33CB A0 07			ldy #Spr_Delta_X
   339 33CD A9 00			lda #$00
   340 33CF F1 88			sbc (Ptr_Lo),y
   341 33D1 91 88			sta (Ptr_Lo),y
   342 33D3 A0 05			ldy #Spr_Delta_X_Sign
   343 33D5 B1 88			lda (Ptr_Lo),y
   344 33D7 49 FF			eor #$FF
   345 33D9 91 88			sta (Ptr_Lo),y
   346 33DB 60				rts
   347
   348 				;-----------------------------------------------------------------------------
   349 				; Reverse_Y - 2's complement negate of Delta_Y_Sign:Delta_Y:Delta_Y_Frac
   350 				;-----------------------------------------------------------------------------
   351 33DC			Reverse_Y
   352 33DC 38				sec
   353 33DD A0 09			ldy #Spr_Delta_Y_Frac
   354 33DF A9 00			lda #$00
   355 33E1 F1 88			sbc (Ptr_Lo),y
   356 33E3 91 88			sta (Ptr_Lo),y
   357 33E5 A0 0A			ldy #Spr_Delta_Y
   358 33E7 A9 00			lda #$00
   359 33E9 F1 88			sbc (Ptr_Lo),y
   360 33EB 91 88			sta (Ptr_Lo),y
   361 33ED A0 08			ldy #Spr_Delta_Y_Sign
   362 33EF B1 88			lda (Ptr_Lo),y
   363 33F1 49 FF			eor #$FF
   364 33F3 91 88			sta (Ptr_Lo),y
   365 33F5 60				rts
   366
   367 				;-----------------------------------------------------------------------------
   368 				; Set_Positions
   369 				; For each sprite: update position with sub-pixel accuracy, bounce off walls,
   370 				; compute VBXE address via Calculate_200, write to BLT_BALL BCB, fire blitter.
   371 				; X = object counter,  Ptr_Lo/Ptr_Hi = pointer to current Sprite struct
   372 				;-----------------------------------------------------------------------------
   373 33F6			Set_Positions
   374 33F6 A9 80			lda #$80
   375 33F8 8D 5F D6			sta VBXE_MA_BSEL					; Enable VBXE window for BCB writes
   376
   377 33FB A9 00			lda #<Bobs
   378 33FD 85 88			sta Ptr_Lo
   379 33FF A9 55			lda #>Bobs
   380 3401 85 89			sta Ptr_Hi
   381 3403 A2 00			ldx #$00
   382
   383 3405			Spr_Loop
   384 3405 A5 8A			lda Do_Motion
   385 3407 D0 03			bne Set_X
   386 3409 4C D4 34			jmp Skip_Motion						; Long branch fix
   387
   388 				;--- X motion ----------------------------------------------------------------
   389 340C			Set_X
   390 340C 18				clc
   391 340D A0 00			ldy #Spr_X_Pos_Frac
   392 340F B1 88			lda (Ptr_Lo),y
   393 3411 A0 06			ldy #Spr_Delta_X_Frac
   394 3413 71 88			adc (Ptr_Lo),y
   395 3415 A0 00			ldy #Spr_X_Pos_Frac
   396 3417 91 88			sta (Ptr_Lo),y
   397
   398 3419 A0 01			ldy #Spr_X_Pos_Lo
   399 341B B1 88			lda (Ptr_Lo),y
   400 341D A0 07			ldy #Spr_Delta_X
   401 341F 71 88			adc (Ptr_Lo),y
   402 3421 A0 01			ldy #Spr_X_Pos_Lo
   403 3423 91 88			sta (Ptr_Lo),y
   404
   405 3425 A0 02			ldy #Spr_X_Pos_Hi
   406 3427 B1 88			lda (Ptr_Lo),y
   407 3429 A0 05			ldy #Spr_Delta_X_Sign
   408 342B 71 88			adc (Ptr_Lo),y						; $00 = right, $FF = left
   409 342D A0 02			ldy #Spr_X_Pos_Hi
   410 342F 91 88			sta (Ptr_Lo),y
   411 3431 B1 88			lda (Ptr_Lo),y						; Reload to restore N flag (sta does not set N)
   412
   413 				; Left wall: X_Pos_Hi >= $80 means position underflowed past 0
   414 3433 10 1A			bpl X_Check_Right
   415 3435 A9 00			lda #$00
   416 3437 A0 02			ldy #Spr_X_Pos_Hi
   417 3439 91 88			sta (Ptr_Lo),y
   418 343B A0 01			ldy #Spr_X_Pos_Lo
   419 343D 91 88			sta (Ptr_Lo),y
   420 343F A0 00			ldy #Spr_X_Pos_Frac
   421 3441 91 88			sta (Ptr_Lo),y
   422 3443 A0 05			ldy #Spr_Delta_X_Sign
   423 3445 B1 88			lda (Ptr_Lo),y
   424 3447 10 33			bpl X_Done							; Already heading right
   425 3449 20 C2 33			jsr Reverse_X
   426 344C 4C 7C 34			jmp X_Done
   427
   428 				; Right wall: clamp if X_Pos > $0120 (320 - 32 = 288)
   429 344F			X_Check_Right
   430 344F A0 02			ldy #Spr_X_Pos_Hi
   431 3451 B1 88			lda (Ptr_Lo),y
   432 3453 C9 01			cmp #$01
   433 3455 90 25			bcc X_Done							; Hi < $01, in range
   434 3457 D0 08			bne X_Hit_Right						; Hi > $01, past right edge
   435 3459 A0 01			ldy #Spr_X_Pos_Lo
   436 345B B1 88			lda (Ptr_Lo),y
   437 345D C9 21			cmp #$21							; Lo > $20?
   438 345F 90 1B			bcc X_Done
   439 3461			X_Hit_Right
   440 3461 A9 01			lda #$01
   441 3463 A0 02			ldy #Spr_X_Pos_Hi
   442 3465 91 88			sta (Ptr_Lo),y
   443 3467 A9 20			lda #$20
   444 3469 A0 01			ldy #Spr_X_Pos_Lo
   445 346B 91 88			sta (Ptr_Lo),y
   446 346D A9 00			lda #$00
   447 346F A0 00			ldy #Spr_X_Pos_Frac
   448 3471 91 88			sta (Ptr_Lo),y
   449 3473 A0 05			ldy #Spr_Delta_X_Sign
   450 3475 B1 88			lda (Ptr_Lo),y
   451 3477 30 03			bmi X_Done							; Already heading left
   452 3479 20 C2 33			jsr Reverse_X
   453 347C			X_Done
   454
   455 				;--- Y motion ----------------------------------------------------------------
   456 347C 18				clc
   457 347D A0 03			ldy #Spr_Y_Pos_Frac
   458 347F B1 88			lda (Ptr_Lo),y
   459 3481 A0 09			ldy #Spr_Delta_Y_Frac
   460 3483 71 88			adc (Ptr_Lo),y
   461 3485 A0 03			ldy #Spr_Y_Pos_Frac
   462 3487 91 88			sta (Ptr_Lo),y
   463
   464 3489 A0 04			ldy #Spr_Y_Pos
   465 348B B1 88			lda (Ptr_Lo),y
   466 348D A0 0A			ldy #Spr_Delta_Y
   467 348F 71 88			adc (Ptr_Lo),y
   468 3491 A0 04			ldy #Spr_Y_Pos
   469 3493 91 88			sta (Ptr_Lo),y
   470
   471 3495 A0 08			ldy #Spr_Delta_Y_Sign
   472 3497 B1 88			lda (Ptr_Lo),y
   473 3499 30 1E			bmi Y_Check_Top
   474
   475 				; Moving down: clamp if Y_Pos > $D0 (240 - 32 = 208)
   476 349B			Y_Check_Bottom
   477 349B A0 04			ldy #Spr_Y_Pos
   478 349D B1 88			lda (Ptr_Lo),y
   479 349F C9 D1			cmp #$D1
   480 34A1 90 31			bcc Y_Done
   481 34A3 A9 D0			lda #$D0
   482 34A5 91 88			sta (Ptr_Lo),y
   483 34A7 A9 00			lda #$00
   484 34A9 A0 03			ldy #Spr_Y_Pos_Frac
   485 34AB 91 88			sta (Ptr_Lo),y
   486 34AD A0 08			ldy #Spr_Delta_Y_Sign
   487 34AF B1 88			lda (Ptr_Lo),y
   488 34B1 30 21			bmi Y_Done							; Already heading up
   489 34B3 20 DC 33			jsr Reverse_Y
   490 34B6 4C D4 34			jmp Y_Done
   491
   492 				; Moving up: underflow wraps Y_Pos above $D0
   493 34B9			Y_Check_Top
   494 34B9 A0 04			ldy #Spr_Y_Pos
   495 34BB B1 88			lda (Ptr_Lo),y
   496 34BD C9 D1			cmp #$D1
   497 34BF 90 13			bcc Y_Done
   498 34C1 A9 00			lda #$00
   499 34C3 A0 04			ldy #Spr_Y_Pos
   500 34C5 91 88			sta (Ptr_Lo),y
   501 34C7 A0 03			ldy #Spr_Y_Pos_Frac
   502 34C9 91 88			sta (Ptr_Lo),y
   503 34CB A0 08			ldy #Spr_Delta_Y_Sign
   504 34CD B1 88			lda (Ptr_Lo),y
   505 34CF 10 03			bpl Y_Done							; Already heading down
   506 34D1 20 DC 33			jsr Reverse_Y
   507 34D4			Y_Done
   508
   509 				;--- Compute VBXE address and blit -------------------------------------------
   510 34D4			Skip_Motion								; Jump here to bypass ball motion
   511 34D4 A0 01			ldy #Spr_X_Pos_Lo
   512 34D6 B1 88			lda (Ptr_Lo),y
   513 34D8 85 80			sta Reg1							; X_Pos_Lo â†’ Calculate_200 input
   514 34DA A0 02			ldy #Spr_X_Pos_Hi
   515 34DC B1 88			lda (Ptr_Lo),y
   516 34DE 85 81			sta Reg2							; X_Pos_Hi â†’ Calculate_200 input
   517 34E0 A0 04			ldy #Spr_Y_Pos
   518 34E2 B1 88			lda (Ptr_Lo),y
   519 34E4 85 82			sta Reg3							; Y_Pos    â†’ Calculate_200 input
   520
   521 34E6 20 84 36			jsr Calculate_200					; â†’ Reg4=Adr0, Reg5=Adr1, Reg6=Adr2
   522
   523 34E9 A5 83			lda Reg4
   524 34EB 8D 06 25			sta VBXE_WINDOW+$500+BLT_BALL-BLT_BALL+Dest_Adr0
   525 34EE A5 84			lda Reg5
   526 34F0 8D 07 25			sta VBXE_WINDOW+$500+BLT_BALL-BLT_BALL+Dest_Adr1
   527 34F3 A5 85			lda Reg6
   528 34F5 8D 08 25			sta VBXE_WINDOW+$500+BLT_BALL-BLT_BALL+Dest_Adr2
   529
   530 34F8 20 D7 35			jsr Draw_Sprite						; Wait for blitter idle then fire BLT_BALL
   531
   532 				;--- Advance Ptr to next sprite ----------------------------------------------
   533 34FB 18				clc
   534 34FC A5 88			lda Ptr_Lo
   535 34FE 69 0B			adc #Sprite_Size
   536 3500 85 88			sta Ptr_Lo
   537 3502 90 02			bcc No_Hi_Bump
   538 3504 E6 89			inc Ptr_Hi
   539 3506			No_Hi_Bump
   540 3506 E8				inx
   541 3507 E4 8B			cpx Num_Sprites
   542 3509 F0 03			beq Spr_Loop_Done					; All sprites done
   543 350B 4C 05 34			jmp Spr_Loop						; Long branch workaround (loop body > 127 bytes)
   544 350E			Spr_Loop_Done
   545 350E A9 00			lda #$00
   546 3510 8D 5F D6			sta VBXE_MA_BSEL					; Disable VBXE window
   547 3513 60				rts
   548
   549 				;-----------------------------------------------------------------------------
   550 				; Init_Objects - called once at startup
   551 				; Starting positions read from Init_Pos_X_Hi/Lo and Init_Pos_Y tables.
   552 				; Velocities read from Init_Delta_X/Y tables (unchanged).
   553 				;-----------------------------------------------------------------------------
   554 3514			Init_Objects
   555 3514 A9 00			lda #<Bobs
   556 3516 85 88			sta Ptr_Lo
   557 3518 A9 55			lda #>Bobs
   558 351A 85 89			sta Ptr_Hi
   559 351C A2 00			ldx #$00
   560
   561 351E			Init_Spr_L
   562 					; X position from tables - Frac always 0, Pos_Hi always 0
   563 351E 8A				txa
   564 351F A8				tay
   565 3520 B9 DB 37			lda Init_Pos_X_Lo,y
   566 3523 A0 01			ldy #Spr_X_Pos_Lo
   567 3525 91 88			sta (Ptr_Lo),y
   568 3527 A9 00			lda #$00
   569 3529 A0 00			ldy #Spr_X_Pos_Frac
   570 352B 91 88			sta (Ptr_Lo),y
   571 352D A0 02			ldy #Spr_X_Pos_Hi
   572 352F 91 88			sta (Ptr_Lo),y
   573
   574 					; Y position from table - Frac always 0
   575 3531 8A				txa
   576 3532 A8				tay
   577 3533 B9 00 38			lda Init_Pos_Y,y
   578 3536 A0 04			ldy #Spr_Y_Pos
   579 3538 91 88			sta (Ptr_Lo),y
   580 353A A9 00			lda #$00
   581 353C A0 03			ldy #Spr_Y_Pos_Frac
   582 353E 91 88			sta (Ptr_Lo),y
   583
   584 					; Velocity from tables, indexed directly by object number
   585 3540 8A				txa
   586 3541 A8				tay
   587 3542 B9 47 37			lda Init_Delta_X,y
   588 3545 A0 07			ldy #Spr_Delta_X
   589 3547 91 88			sta (Ptr_Lo),y
   590
   591 3549 8A				txa
   592 354A A8				tay
   593 354B B9 6C 37			lda Init_Delta_X_Frac,y
   594 354E A0 06			ldy #Spr_Delta_X_Frac
   595 3550 91 88			sta (Ptr_Lo),y
   596
   597 3552 A9 00			lda #$00							; Initially moving right
   598 3554 A0 05			ldy #Spr_Delta_X_Sign
   599 3556 91 88			sta (Ptr_Lo),y
   600
   601 3558 8A				txa
   602 3559 A8				tay
   603 355A B9 91 37			lda Init_Delta_Y,y
   604 355D A0 0A			ldy #Spr_Delta_Y
   605 355F 91 88			sta (Ptr_Lo),y
   606
   607 3561 8A				txa
   608 3562 A8				tay
   609 3563 B9 B6 37			lda Init_Delta_Y_Frac,y
   610 3566 A0 09			ldy #Spr_Delta_Y_Frac
   611 3568 91 88			sta (Ptr_Lo),y
   612
   613 356A A9 00			lda #$00							; Initially moving down
   614 356C A0 08			ldy #Spr_Delta_Y_Sign
   615 356E 91 88			sta (Ptr_Lo),y
   616
   617 					; Advance struct pointer by Sprite_Size
   618 3570 18				clc
   619 3571 A5 88			lda Ptr_Lo
   620 3573 69 0B			adc #Sprite_Size
   621 3575 85 88			sta Ptr_Lo
   622 3577 90 02			bcc No_PH_Bump
   623 3579 E6 89			inc Ptr_Hi
   624 357B			No_PH_Bump
   625
   626 357B E8				inx
   627 357C E4 8B			cpx Num_Sprites
   628 357E D0 9E			bne Init_Spr_L
   629 3580 60				rts
   630
   631 				;-----------------------------------------------------------------------------
   632 				; Flip_Screen buffers
   633 				;-----------------------------------------------------------------------------
   634 3581			Flip_Screen
   635 3581 A9 80			lda #$80
   636 3583 8D 5F D6			sta VBXE_MA_BSEL
   637 3586 AD 05 24			lda VBXE_WINDOW+$405
   638 3589 8D 08 25			sta VBXE_WINDOW+$500+BLT_BALL-BLT_BALL+8
   639 358C 8D 1D 25			sta VBXE_WINDOW+$500+BLT_BAKGRND-BLT_BALL+8
   640 358F 49 06			eor #6								; Flip screen between $20000 and $40000
   641 3591 8D 05 24			sta VBXE_WINDOW+$405				; XDL_Attribute Adr2
   642 3594 8D 1A 24			sta VBXE_WINDOW+$41A				; XDL_Normal Adr2 - kept in sync so Toggle_Colour_Map can't desync buffers
   643 3597 60				rts
   644 				;--------------------------------------------------------
   645
   646 				;-----------------------------------------------------------------------------
   647 				; Toggle_Colour_Map - switches the active XDL between XDL_Attribute and XDL_Normal
   648 				;-----------------------------------------------------------------------------
   649 3598			Toggle_Colour_Map
   650 3598 AD 88 04			lda Colour_Map_On
   651 359B D0 04			bne Toggle_Colour_Map_Off
   652 359D 20 BF 35			jsr Enable_Colour_Map
   653 35A0 60				rts
   654 35A1			Toggle_Colour_Map_Off
   655 35A1 20 A5 35			jsr Disable_Colour_Map
   656 35A4 60				rts
   657
   658 				;-----------------------------------------------------------------------------
   659 				; Disable_Colour_Map (Point XDL to XDL_Normal, offset $15 from XDL_Attribute)
   660 				;-----------------------------------------------------------------------------
   661 35A5			Disable_Colour_Map
   662 35A5 A9 00			lda #$00
   663 35A7 8D 43 D6			sta VBXE_XDL_ADR2
   664 35AA A9 04			lda #$04
   665 35AC 8D 42 D6			sta VBXE_XDL_ADR1
   666 35AF A9 15			lda #$15
   667 35B1 8D 41 D6			sta VBXE_XDL_ADR0
   668
   669 35B4 A9 01			lda #%00000001						; XDL Enabled and transparent color index 0
   670 35B6 8D 40 D6			sta VBXE_VIDEO_CONTROL
   671
   672 35B9 A9 00			lda #$00
   673 35BB 8D 88 04			sta Colour_Map_On
   674 35BE 60				rts
   675
   676 				;-----------------------------------------------------------------------------
   677 				; Enable_Colour_Map (Point XDL to XDL_Attribute)
   678 				;-----------------------------------------------------------------------------
   679 35BF			Enable_Colour_Map
   680 35BF A9 00			lda #$00
   681 35C1 8D 41 D6			sta VBXE_XDL_ADR0
   682 35C4 8D 43 D6			sta VBXE_XDL_ADR2
   683 35C7 A9 04			lda #$04
   684 35C9 8D 42 D6			sta VBXE_XDL_ADR1
   685
   686 35CC A9 03			lda #%00000011						; XDL,XCOLOR Enabled and transparent color index 0
   687 35CE 8D 40 D6			sta VBXE_VIDEO_CONTROL
   688
   689 35D1 A9 01			lda #$01
   690 35D3 8D 88 04			sta Colour_Map_On
   691 35D6 60				rts
   692
   693 				;-----------------------------------------------------------------------------
   694 				; Draw_Sprite - fire BLT_BALL; destination already written to BCB by Set_Positions
   695 				;-----------------------------------------------------------------------------
   696 35D7			Draw_Sprite
   697 35D7 A9 00			lda #BLT_BALL-BLT_BALL
   698 35D9 8D 50 D6			sta VBXE_BL_ADR0
   699 35DC A9 00			lda #$00
   700 35DE 8D 52 D6			sta VBXE_BL_ADR2
   701 35E1 A9 05			lda #$05
   702 35E3 8D 51 D6			sta VBXE_BL_ADR1
   703 35E6			Draw_Sprite_L1
   704 35E6 AD 53 D6			lda VBXE_BLITTER_BUSY
   705 35E9 D0 FB			bne Draw_Sprite_L1					; Wait for blitter idle
   706 35EB A9 01			lda #$01
   707 35ED 8D 53 D6			sta VBXE_BLITTER_START				; Fire
   708 35F0 60				rts
   709
   710 				;-----------------------------------------------------------------------------
   711 				; Wait For VSync (locks to the refresh rate, PAL=50Hz, NTSC=60Hz)  Thanks tebe
   712 				;-----------------------------------------------------------------------------
   713 35F1			Wait_For_Sync							; Hold until VCOUNT == 0
   714 35F1 2C 0B D4			bit VCOUNT
   715 35F4 30 FB			bmi *-3
   716 35F6 2C 0B D4			bit VCOUNT
   717 35F9 10 FB			bpl *-3
   718
   719 35FB 20 FF 35			jsr Handle_Keys						; Take care of user input
   720
   721 35FE 60				rts									; Else return to caller
   722
   723 				;-----------------------------------------------------------------------------
   724 				; Handle_Keys
   725 				;-----------------------------------------------------------------------------
   726 35FF			Handle_Keys
   727 				; If present, the next lines will allow a "jump to exit" on a specific key press
   728 35FF AD FC 02			lda CH
   729 3602 C9 2F			cmp #$2F							; Press Q to quit
   730 3604 F0 13			beq Exit_Long
   731 3606 C9 32			cmp #$32							; 0
   732 3608 F0 03			beq Handle_0
   733 360A			Handle_Keys_Done						; No more keys to test
   734 360A 4C 13 36			jmp Read_Key_Done
   735
   736 360D			Handle_0
   737 360D 20 98 35			jsr Toggle_Colour_Map				; Toggle the Colour Map (Attribute XDL) on/off
   738 3610 4C 13 36			jmp Read_Key_Done
   739
   740 3613			Read_Key_Done
   741 3613 A9 FF			lda #$FF
   742 3615 8D FC 02			sta CH								; Clear last key pressed
   743 3618 60				rts									; Else return to caller
   744 3619			Exit_Long
   745 3619 4C B1 31			jmp Cleanup_Exit					; Fix for branch out of range
   746
   747 				;-----------------------------------------------------------------------------
   748 				; Clear_Screen via blitter
   749 				;-----------------------------------------------------------------------------
   750 361C			Clear_Screen
   751 361C A9 15			lda #BLT_BAKGRND-BLT_BALL
   752 361E 8D 50 D6			sta VBXE_BL_ADR0					; Setup the blitter for memory fill operation
   753 3621 A9 00			lda #$00
   754 3623 8D 52 D6			sta VBXE_BL_ADR2					; See the description of BCB at the end of this
   755 3626 A9 05			lda #$05							; Source
   756 3628 8D 51 D6			sta VBXE_BL_ADR1
   757 362B A9 00			lda #$00
   758 362D			Clear_Screen_L1
   759 362D AD 53 D6			lda VBXE_BLITTER_BUSY
   760 3630 C9 00			cmp #$00
   761 3632 D0 F9			bne Clear_Screen_L1					; Wait for blitter to finish
   762 3634 A9 01			lda #$01
   763 3636 8D 53 D6			sta VBXE_BLITTER_START				; Start the blit
   764 3639 60				rts
   765
   766 				;-----------------------------------------------------------------------------
   767 				; Setup_Cmap1 - Sets byte 4 for all cmap entries via blitter
   768 				;-----------------------------------------------------------------------------
   769 363A			Setup_Cmap1
   770 363A A9 3F			lda #BLT_SETUP_CMAP_1-BLT_BALL
   771 363C 8D 50 D6			sta VBXE_BL_ADR0					; Setup the blitter for memory fill operation
   772 363F A9 00			lda #$00
   773 3641 8D 52 D6			sta VBXE_BL_ADR2					; See the description of BCB at the end of this
   774 3644 A9 05			lda #$05							; Source
   775 3646 8D 51 D6			sta VBXE_BL_ADR1
   776 3649 A9 00			lda #$00
   777 364B			Setup_Cmap1_L1
   778 364B AD 53 D6			lda VBXE_BLITTER_BUSY
   779 364E C9 00			cmp #$00
   780 3650 D0 F9			bne Setup_Cmap1_L1					; Wait for blitter to finish
   781 3652 A9 01			lda #$01
   782 3654 8D 53 D6			sta VBXE_BLITTER_START				; Start the blit
   783 3657			Setup_Cmap1_L2
   784 3657 AD 53 D6			lda VBXE_BLITTER_BUSY
   785 365A C9 00			cmp #$00
   786 365C D0 F9			bne Setup_Cmap1_L2					; Wait for blitter to finish before returning
   787 365E 60				rts
   788
   789 				;-----------------------------------------------------------------------------
   790 				; Setup_Cmap2 - Sets byte 2 for all cmap entries via blitter
   791 				;-----------------------------------------------------------------------------
   792 365F			Setup_Cmap2
   793 365F A9 54			lda #BLT_SETUP_CMAP_2-BLT_BALL
   794 3661 8D 50 D6			sta VBXE_BL_ADR0					; Setup the blitter for memory fill operation
   795 3664 A9 00			lda #$00
   796 3666 8D 52 D6			sta VBXE_BL_ADR2					; See the description of BCB at the end of this
   797 3669 A9 05			lda #$05							; Source
   798 366B 8D 51 D6			sta VBXE_BL_ADR1
   799 366E A9 00			lda #$00
   800 3670			Setup_Cmap2_L1
   801 3670 AD 53 D6			lda VBXE_BLITTER_BUSY
   802 3673 C9 00			cmp #$00
   803 3675 D0 F9			bne Setup_Cmap2_L1					; Wait for blitter to finish
   804 3677 A9 01			lda #$01
   805 3679 8D 53 D6			sta VBXE_BLITTER_START				; Start the blit
   806 367C			Setup_Cmap2_L2
   807 367C AD 53 D6			lda VBXE_BLITTER_BUSY
   808 367F C9 00			cmp #$00
   809 3681 D0 F9			bne Setup_Cmap2_L2					; Wait for blitter to finish before returning
   810 3683 60				rts
   811
   812 				;-----------------------------------------------------------------------------
   813 				; Calculate_200
   814 				;   Reg1 = X_Pos_L	Object Horizontal Position (Col)
   815 				;   Reg2 = X_Pos_H	Object Horizontal Position (Col)
   816 				;   Reg3 = Y_Pos	Object Vertical Position   (Row)
   817 				;   Reg4 = Adr0	   VBXE Blitter Address
   818 				;   Reg5 = Adr1	   VBXE Blitter Address
   819 				;   Reg6 = Adr2	   VBXE Blitter Address
   820 				;   Reg7 = XDL destination high byte (either 0 or 2)
   821 				;-----------------------------------------------------------------------------
   822 3684			Calculate_200
   823 				; Because we are double buffering, we need to write to the backbuffer
   824 				; So load the buffer address from the XDL but use the other one
   825 3684 AD 5F D6			lda VBXE_MA_BSEL
   826 3687 48				pha									; Store it
   827
   828 3688 A9 80			lda #$80							; Bank $00 with global enable (XDL lives in bank $00)
   829 368A 8D 5F D6			sta VBXE_MA_BSEL
   830
   831 368D AD 05 24			lda VBXE_WINDOW + $405				; XDL Adr2 (byte 5 of XDL at VBXE_WINDOW+$400)
   832 3690 49 06			eor #$06							; Flip between $02 ($020000) and $04 ($040000)
   833 3692 85 86			sta Reg7							; Reg7 = backbuffer Adr2
   834
   835 				; Calculate the start of VRAM (Reg4, Reg5, Reg6) for the given Y-Pos
   836 3694 A9 00			lda #$00
   837 3696 85 83			sta Reg4							; Reset to initial value
   838 3698 85 85			sta Reg6							; Reset to initial value
   839 369A A5 82			lda Reg3							; Y_Pos
   840 369C 10 04			bpl Skip_Reg6						; If A <= $7F Reg6 will be 0
   841 369E A0 01			ldy #$01							; Else
   842 36A0 84 85			sty Reg6							; Reg6 = 1
   843 36A2			Skip_Reg6
   844 36A2 0A				asl									; Multiply by 2
   845 36A3 85 84			sta Reg5
   846
   847 				; Now move into that line in VRAM based on the X-Position
   848 36A5 18				clc									; Prepare to add
   849 36A6 A5 80			lda Reg1							; X_Pos_L
   850 36A8 65 83			adc Reg4							; Add Adr0
   851 36AA 85 83			sta Reg4							; Store it
   852 36AC A5 81			lda Reg2							; X_Pos_H
   853 36AE 65 84			adc Reg5							; Add Adr1
   854 36B0 85 84			sta Reg5							; Store it
   855 36B2 A9 00			lda #$00
   856 36B4 65 85			adc Reg6							; Account for overflow
   857 36B6 85 85			sta Reg6							; Store Adr2
   858
   859 				; Set Adr 2 depending on which buffer we are writing to
   860 36B8 18				clc									; Prepare to add
   861 36B9 A5 86			lda Reg7
   862 36BB 65 85			adc Reg6							; Carry flag weill NEVER be set, as value will only ever be 0-1 or 2-3
   863 36BD 85 85			sta Reg6
   864 36BF			Calculate_200_End						; This takes on average $37(55) cycles, code is $22(34) bytes TODO: Calculate new cycle time based on code to handle double buffering
   865 36BF 68				pla
   866 36C0 8D 5F D6			sta VBXE_MA_BSEL					; Restore to initial value
   867
   868 36C3 60				rts
   869
   870 				;-----------------------------------------------------------------------------
   871 				; Setup_DisplayList - Points ANTIC to a Display List that will be in VBXE RAM
   872 				;-----------------------------------------------------------------------------
   873 36C4			Setup_DisplayList
   874 36C4 AD 2F 02			lda SDMCTL
   875 36C7 48				pha									; Save it
   876
   877 36C8 A9 00			lda #$00							; Turn off ANTIC DMA
   878 36CA 8D 2F 02			sta SDMCTL							; To safely set SDLSTL
   879
   880 36CD A9 00			lda <Display_List
   881 36CF 8D 30 02			sta SDLSTL
   882 36D2 A9 59			lda >Display_List
   883 36D4 8D 31 02			sta SDLSTH
   884
   885 36D7 68				pla									; Restore it
   886 36D8 8D 2F 02			sta SDMCTL
   887
   888 36DB 60				rts									; Go Home
   889
   890 				;-----------------------------------------------------------------------------
   891 				; Generate_Colour_Map
   892 				; This will generate the 9600 byte colour map used by the VBXE
   893 				;-----------------------------------------------------------------------------
   894 36DC			Generate_Colour_Map
   895 36DC A9 00			lda #$00
   896 36DE 85 88			sta Ptr_Lo
   897 36E0 A9 06			lda #$06
   898 36E2 85 89			sta Ptr_Hi							; Initialize destination pointer to $0600
   899
   900 36E4 A9 01			lda #$01
   901 36E6 85 80			sta Reg1							; Running colour accumulator
   902
   903 36E8 A2 00			ldx #$00							; Object counter (0-15)
   904 36EA			obj_loop
   905 36EA A0 00			ldy #$00							; Row counter (0-14)
   906 36EC			row_loop
   907 36EC A9 00			lda #$00							; Default: blank row
   908 36EE C0 00			cpy #$00
   909 36F0 F0 08			beq store_colour
   910 36F2 C0 0E			cpy #$0E
   911 36F4 F0 04			beq store_colour
   912 36F6 A5 80			lda Reg1							; Non-blank row: use accumulator
   913 36F8 E6 80			inc Reg1
   914 36FA			store_colour
   915 36FA 91 88			sta (Ptr_Lo),Y
   916
   917 36FC C8				iny
   918 36FD C0 0F			cpy #$0F							; 15 rows per object
   919 36FF D0 EB			bne row_loop
   920
   921 				; Advance pointer by 15 to next object's base
   922 3701 A5 88			lda Ptr_Lo
   923 3703 18				clc
   924 3704 69 0F			adc #$0F
   925 3706 85 88			sta Ptr_Lo
   926 3708 90 02			bcc no_carry
   927 370A E6 89			inc Ptr_Hi
   928 370C			no_carry
   929 370C E8				inx
   930 370D E0 10			cpx #$10							; 16 objects
   931 370F D0 D9			bne obj_loop
   932
   933 3711 20 3A 36			jsr Setup_Cmap1						; Setup the Palette & Priority bits
   934 3714 20 18 37			jsr Setup_Colours
   935
   936 3717 60				rts
   937
   938 				;-----------------------------------------------------------------------------
   939 				; Setup_Colours
   940 				; Uses the temp table at $600 to setup the Attribute Colour Map
   941 				;-----------------------------------------------------------------------------
   942 3718			Setup_Colours
   943 				; Turn on VBXE window so we can modify the BCB
   944 3718 A9 80			lda #$80							; Copy some data into VBXE address space (XDL, Blitter control blocks (BCB))
   945 371A 8D 5F D6			sta VBXE_MA_BSEL
   946
   947 371D A2 00			ldx #$00							; Prepare to loop
   948 371F			Setup_Colours_L1
   949 371F BD 00 06			lda $600,x							; Get the colour
   950 3722 8D 64 25			sta VBXE_WINDOW+$554+$10			; BLT_SETUP_CMAP_2 starts at $0554 in VBXE bank 0, XOR Mask is offset $10
   951
   952 3725 20 5F 36			jsr Setup_Cmap2						; Setup a row of colours
   953
   954 				; Now we must do a 24-bit addition to get the next Destination Address (offset 6,7,8)
   955 3728 18				clc
   956 3729 AD 5A 25			lda VBXE_WINDOW+$554+$06			; Dest Addr 2
   957 372C 69 28			adc #$28							; Advance by one line ($28 bytes/line)
   958 372E 8D 5A 25			sta VBXE_WINDOW+$554+$06			; Dest Addr 2
   959
   960 3731 AD 5B 25			lda VBXE_WINDOW+$554+$07			; Dest Addr 1
   961 3734 69 00			adc #$00
   962 3736 8D 5B 25			sta VBXE_WINDOW+$554+$07			; Dest Addr 1
   963
   964 3739 AD 5C 25			lda VBXE_WINDOW+$554+$08			; Dest Addr 0
   965 373C 69 00			adc #$00
   966 373E 8D 5C 25			sta VBXE_WINDOW+$554+$08			; Dest Addr 1
   967
   968 3741 E8				inx
   969 3742 E0 EF			cpx #$EF
   970 3744 D0 D9			bne Setup_Colours_L1
   971
   972 3746 60				rts
   973 				;-----------------------------------------------------------------------------
   974 				; Subroutines END
   975 				;-----------------------------------------------------------------------------
   976
   977 				;-----------------------------------------------------------------------------
   978 				; Data Tables go here
   979 				;-----------------------------------------------------------------------------
   980 				; 37 velocity patterns - one per sprite, every (int,frac) pair unique
   981 				; X: integer $00-$03 cycles with period 4; frac rotates +$40 each int group
   982 				; Y: integer offset by 1 ($01-$03,$00); frac rotates +$20 relative to X â†’ no correlation
   983 3747			Init_Delta_X
   984 3747 01 01 02 03 00 01 + 	dta $01,$01,$02,$03,$00,$01,$02,$03,$00,$01,$02,$03,$00,$01,$02,$03
   985 3757 00 01 02 03 00 01 + 	dta $00,$01,$02,$03,$00,$01,$02,$03,$00,$01,$02,$03,$00,$01,$02,$03
   986 3767 00 01 02 03 00		dta $00,$01,$02,$03,$00
   987 376C			Init_Delta_X_Frac
   988 376C 00 40 80 C0 10 50 + 	dta $00,$40,$80,$C0,$10,$50,$90,$D0,$20,$60,$A0,$E0,$30,$70,$B0,$F0
   989 377C 40 80 C0 00 50 90 + 	dta $40,$80,$C0,$00,$50,$90,$D0,$10,$60,$A0,$E0,$20,$70,$B0,$F0,$30
   990 378C 80 C0 00 40 90		dta $80,$C0,$00,$40,$90
   991 3791			Init_Delta_Y
   992 3791 06 02 03 00 01 02 + 	dta $06,$02,$03,$00,$01,$02,$03,$00,$01,$02,$03,$01,$01,$02,$03,$00
   993 37A1 01 02 03 00 01 02 + 	dta $01,$02,$03,$00,$01,$02,$03,$00,$01,$02,$03,$00,$01,$02,$03,$00
   994 37B1 01 02 03 00 01		dta $01,$02,$03,$00,$01
   995 37B6			Init_Delta_Y_Frac
   996 37B6 00 60 A0 E0 30 70 + 	dta $00,$60,$A0,$E0,$30,$70,$B0,$F0,$40,$80,$C0,$00,$50,$90,$D0,$10
   997 37C6 60 A0 E0 20 70 B0 + 	dta $60,$A0,$E0,$20,$70,$B0,$F0,$30,$80,$C0,$00,$40,$90,$D0,$10,$50
   998 37D6 A0 E0 20 60 B0		dta $A0,$E0,$20,$60,$B0
   999
  1000 				; Standard Atari ROM font for 3 and 7, laid out by hand, then auto-generated tables based on my grid
  1001 37DB			Init_Pos_X_Lo
  1002 37DB 12 24 36 48 5A 6C + 	dta $12,$24,$36,$48,$5A,$6C,$A2,$B4,$C6,$D8,$EA,$FC,$48,$5A,$A2,$EA	; Objs $00-$0F
  1003 37EB FC 36 48 D8 EA 48 + 	dta $FC,$36,$48,$D8,$EA,$48,$5A,$C6,$D8,$12,$24,$5A,$6C,$B4,$C6,$24	; Objs $10-$1F
  1004 37FB 36 48 5A B4 C6		dta $36,$48,$5A,$B4,$C6				; Objs $20-$24
  1005 3800			Init_Pos_Y
  1006 3800 0D 0D 0D 0D 0D 0D + 	dta $0D,$0D,$0D,$0D,$0D,$0D,$0D,$0D,$0D,$0D,$0D,$0D,$1A,$1A,$1A,$1A	; Objs $00-$0F
  1007 3810 1A 27 27 27 27 34 + 	dta $1A,$27,$27,$27,$27,$34,$34,$34,$34,$41,$41,$41,$41,$41,$41,$4E	; Objs $10-$1F
  1008 3820 4E 4E 4E 4E 4E		dta $4E,$4E,$4E,$4E,$4E				; Objs $20-$24
  1009
  1010 					org $5900							; Ensure the Display_List is page aligned
  1011 5900			Display_List							; 16 * 15 = 240 lines
  1012 5900-5A02> 00			.byte $00							; 1 blank
  1013 5901 4F				.byte $4F							; Mode F, LMS @ SCREEN_RAM
  1014 5902 00				.byte <SCREEN_RAM
  1015 5903 80				.byte >SCREEN_RAM
  1016 				.rept $0F
  1018 						.BYTE $0F						
  1020 					.BYTE $10							
  1021 					.BYTE $4F							
  1022 					.BYTE <SCREEN_RAM
  1023 					.BYTE >SCREEN_RAM
  1024 				.endr
Source: REPT
  1024 				.endr
Source: REPT
  1018 5904 0F					.BYTE $0F						
  1018 5905 0F					.BYTE $0F						
  1018 5906 0F					.BYTE $0F						
  1018 5907 0F					.BYTE $0F						
  1018 5908 0F					.BYTE $0F						
  1018 5909 0F					.BYTE $0F						
  1018 590A 0F					.BYTE $0F						
  1018 590B 0F					.BYTE $0F						
  1018 590C 0F					.BYTE $0F						
  1018 590D 0F					.BYTE $0F						
  1018 590E 0F					.BYTE $0F						
  1018 590F 0F					.BYTE $0F						
Source: demo.asm
  1017 5910 10				.BYTE $10							
  1017 5911 4F				.BYTE $4F							
  1017 5912 00				.BYTE <SCREEN_RAM
  1017 5913 80				.BYTE >SCREEN_RAM
  1017 				.endr
Source: REPT
  1018 5914 0F					.BYTE $0F						
  1018 5915 0F					.BYTE $0F						
  1018 5916 0F					.BYTE $0F						
  1018 5917 0F					.BYTE $0F						
  1018 5918 0F					.BYTE $0F						
  1018 5919 0F					.BYTE $0F						
  1018 591A 0F					.BYTE $0F						
  1018 591B 0F					.BYTE $0F						
  1018 591C 0F					.BYTE $0F						
  1018 591D 0F					.BYTE $0F						
  1018 591E 0F					.BYTE $0F						
  1018 591F 0F					.BYTE $0F						
Source: demo.asm
  1017 5920 10				.BYTE $10							
  1017 5921 4F				.BYTE $4F							
  1017 5922 00				.BYTE <SCREEN_RAM
  1017 5923 80				.BYTE >SCREEN_RAM
  1017 				.endr
Source: REPT
  1018 5924 0F					.BYTE $0F						
  1018 5925 0F					.BYTE $0F						
  1018 5926 0F					.BYTE $0F						
  1018 5927 0F					.BYTE $0F						
  1018 5928 0F					.BYTE $0F						
  1018 5929 0F					.BYTE $0F						
  1018 592A 0F					.BYTE $0F						
  1018 592B 0F					.BYTE $0F						
  1018 592C 0F					.BYTE $0F						
  1018 592D 0F					.BYTE $0F						
  1018 592E 0F					.BYTE $0F						
  1018 592F 0F					.BYTE $0F						
Source: demo.asm
  1017 5930 10				.BYTE $10							
  1017 5931 4F				.BYTE $4F							
  1017 5932 00				.BYTE <SCREEN_RAM
  1017 5933 80				.BYTE >SCREEN_RAM
  1017 				.endr
Source: REPT
  1018 5934 0F					.BYTE $0F						
  1018 5935 0F					.BYTE $0F						
  1018 5936 0F					.BYTE $0F						
  1018 5937 0F					.BYTE $0F						
  1018 5938 0F					.BYTE $0F						
  1018 5939 0F					.BYTE $0F						
  1018 593A 0F					.BYTE $0F						
  1018 593B 0F					.BYTE $0F						
  1018 593C 0F					.BYTE $0F						
  1018 593D 0F					.BYTE $0F						
  1018 593E 0F					.BYTE $0F						
  1018 593F 0F					.BYTE $0F						
Source: demo.asm
  1017 5940 10				.BYTE $10							
  1017 5941 4F				.BYTE $4F							
  1017 5942 00				.BYTE <SCREEN_RAM
  1017 5943 80				.BYTE >SCREEN_RAM
  1017 				.endr
Source: REPT
  1018 5944 0F					.BYTE $0F						
  1018 5945 0F					.BYTE $0F						
  1018 5946 0F					.BYTE $0F						
  1018 5947 0F					.BYTE $0F						
  1018 5948 0F					.BYTE $0F						
  1018 5949 0F					.BYTE $0F						
  1018 594A 0F					.BYTE $0F						
  1018 594B 0F					.BYTE $0F						
  1018 594C 0F					.BYTE $0F						
  1018 594D 0F					.BYTE $0F						
  1018 594E 0F					.BYTE $0F						
  1018 594F 0F					.BYTE $0F						
Source: demo.asm
  1017 5950 10				.BYTE $10							
  1017 5951 4F				.BYTE $4F							
  1017 5952 00				.BYTE <SCREEN_RAM
  1017 5953 80				.BYTE >SCREEN_RAM
  1017 				.endr
Source: REPT
  1018 5954 0F					.BYTE $0F						
  1018 5955 0F					.BYTE $0F						
  1018 5956 0F					.BYTE $0F						
  1018 5957 0F					.BYTE $0F						
  1018 5958 0F					.BYTE $0F						
  1018 5959 0F					.BYTE $0F						
  1018 595A 0F					.BYTE $0F						
  1018 595B 0F					.BYTE $0F						
  1018 595C 0F					.BYTE $0F						
  1018 595D 0F					.BYTE $0F						
  1018 595E 0F					.BYTE $0F						
  1018 595F 0F					.BYTE $0F						
Source: demo.asm
  1017 5960 10				.BYTE $10							
  1017 5961 4F				.BYTE $4F							
  1017 5962 00				.BYTE <SCREEN_RAM
  1017 5963 80				.BYTE >SCREEN_RAM
  1017 				.endr
Source: REPT
  1018 5964 0F					.BYTE $0F						
  1018 5965 0F					.BYTE $0F						
  1018 5966 0F					.BYTE $0F						
  1018 5967 0F					.BYTE $0F						
  1018 5968 0F					.BYTE $0F						
  1018 5969 0F					.BYTE $0F						
  1018 596A 0F					.BYTE $0F						
  1018 596B 0F					.BYTE $0F						
  1018 596C 0F					.BYTE $0F						
  1018 596D 0F					.BYTE $0F						
  1018 596E 0F					.BYTE $0F						
  1018 596F 0F					.BYTE $0F						
Source: demo.asm
  1017 5970 10				.BYTE $10							
  1017 5971 4F				.BYTE $4F							
  1017 5972 00				.BYTE <SCREEN_RAM
  1017 5973 80				.BYTE >SCREEN_RAM
  1017 				.endr
Source: REPT
  1018 5974 0F					.BYTE $0F						
  1018 5975 0F					.BYTE $0F						
  1018 5976 0F					.BYTE $0F						
  1018 5977 0F					.BYTE $0F						
  1018 5978 0F					.BYTE $0F						
  1018 5979 0F					.BYTE $0F						
  1018 597A 0F					.BYTE $0F						
  1018 597B 0F					.BYTE $0F						
  1018 597C 0F					.BYTE $0F						
  1018 597D 0F					.BYTE $0F						
  1018 597E 0F					.BYTE $0F						
  1018 597F 0F					.BYTE $0F						
Source: demo.asm
  1017 5980 10				.BYTE $10							
  1017 5981 4F				.BYTE $4F							
  1017 5982 00				.BYTE <SCREEN_RAM
  1017 5983 80				.BYTE >SCREEN_RAM
  1017 				.endr
Source: REPT
  1018 5984 0F					.BYTE $0F						
  1018 5985 0F					.BYTE $0F						
  1018 5986 0F					.BYTE $0F						
  1018 5987 0F					.BYTE $0F						
  1018 5988 0F					.BYTE $0F						
  1018 5989 0F					.BYTE $0F						
  1018 598A 0F					.BYTE $0F						
  1018 598B 0F					.BYTE $0F						
  1018 598C 0F					.BYTE $0F						
  1018 598D 0F					.BYTE $0F						
  1018 598E 0F					.BYTE $0F						
  1018 598F 0F					.BYTE $0F						
Source: demo.asm
  1017 5990 10				.BYTE $10							
  1017 5991 4F				.BYTE $4F							
  1017 5992 00				.BYTE <SCREEN_RAM
  1017 5993 80				.BYTE >SCREEN_RAM
  1017 				.endr
Source: REPT
  1018 5994 0F					.BYTE $0F						
  1018 5995 0F					.BYTE $0F						
  1018 5996 0F					.BYTE $0F						
  1018 5997 0F					.BYTE $0F						
  1018 5998 0F					.BYTE $0F						
  1018 5999 0F					.BYTE $0F						
  1018 599A 0F					.BYTE $0F						
  1018 599B 0F					.BYTE $0F						
  1018 599C 0F					.BYTE $0F						
  1018 599D 0F					.BYTE $0F						
  1018 599E 0F					.BYTE $0F						
  1018 599F 0F					.BYTE $0F						
Source: demo.asm
  1017 59A0 10				.BYTE $10							
  1017 59A1 4F				.BYTE $4F							
  1017 59A2 00				.BYTE <SCREEN_RAM
  1017 59A3 80				.BYTE >SCREEN_RAM
  1017 				.endr
Source: REPT
  1018 59A4 0F					.BYTE $0F						
  1018 59A5 0F					.BYTE $0F						
  1018 59A6 0F					.BYTE $0F						
  1018 59A7 0F					.BYTE $0F						
  1018 59A8 0F					.BYTE $0F						
  1018 59A9 0F					.BYTE $0F						
  1018 59AA 0F					.BYTE $0F						
  1018 59AB 0F					.BYTE $0F						
  1018 59AC 0F					.BYTE $0F						
  1018 59AD 0F					.BYTE $0F						
  1018 59AE 0F					.BYTE $0F						
  1018 59AF 0F					.BYTE $0F						
Source: demo.asm
  1017 59B0 10				.BYTE $10							
  1017 59B1 4F				.BYTE $4F							
  1017 59B2 00				.BYTE <SCREEN_RAM
  1017 59B3 80				.BYTE >SCREEN_RAM
  1017 				.endr
Source: REPT
  1018 59B4 0F					.BYTE $0F						
  1018 59B5 0F					.BYTE $0F						
  1018 59B6 0F					.BYTE $0F						
  1018 59B7 0F					.BYTE $0F						
  1018 59B8 0F					.BYTE $0F						
  1018 59B9 0F					.BYTE $0F						
  1018 59BA 0F					.BYTE $0F						
  1018 59BB 0F					.BYTE $0F						
  1018 59BC 0F					.BYTE $0F						
  1018 59BD 0F					.BYTE $0F						
  1018 59BE 0F					.BYTE $0F						
  1018 59BF 0F					.BYTE $0F						
Source: demo.asm
  1017 59C0 10				.BYTE $10							
  1017 59C1 4F				.BYTE $4F							
  1017 59C2 00				.BYTE <SCREEN_RAM
  1017 59C3 80				.BYTE >SCREEN_RAM
  1017 				.endr
Source: REPT
  1018 59C4 0F					.BYTE $0F						
  1018 59C5 0F					.BYTE $0F						
  1018 59C6 0F					.BYTE $0F						
  1018 59C7 0F					.BYTE $0F						
  1018 59C8 0F					.BYTE $0F						
  1018 59C9 0F					.BYTE $0F						
  1018 59CA 0F					.BYTE $0F						
  1018 59CB 0F					.BYTE $0F						
  1018 59CC 0F					.BYTE $0F						
  1018 59CD 0F					.BYTE $0F						
  1018 59CE 0F					.BYTE $0F						
  1018 59CF 0F					.BYTE $0F						
Source: demo.asm
  1017 59D0 10				.BYTE $10							
  1017 59D1 4F				.BYTE $4F							
  1017 59D2 00				.BYTE <SCREEN_RAM
  1017 59D3 80				.BYTE >SCREEN_RAM
  1017 				.endr
Source: REPT
  1018 59D4 0F					.BYTE $0F						
  1018 59D5 0F					.BYTE $0F						
  1018 59D6 0F					.BYTE $0F						
  1018 59D7 0F					.BYTE $0F						
  1018 59D8 0F					.BYTE $0F						
  1018 59D9 0F					.BYTE $0F						
  1018 59DA 0F					.BYTE $0F						
  1018 59DB 0F					.BYTE $0F						
  1018 59DC 0F					.BYTE $0F						
  1018 59DD 0F					.BYTE $0F						
  1018 59DE 0F					.BYTE $0F						
  1018 59DF 0F					.BYTE $0F						
Source: demo.asm
  1017 59E0 10				.BYTE $10							
  1017 59E1 4F				.BYTE $4F							
  1017 59E2 00				.BYTE <SCREEN_RAM
  1017 59E3 80				.BYTE >SCREEN_RAM
  1017 				.endr
Source: REPT
  1018 59E4 0F					.BYTE $0F						
  1018 59E5 0F					.BYTE $0F						
  1018 59E6 0F					.BYTE $0F						
  1018 59E7 0F					.BYTE $0F						
  1018 59E8 0F					.BYTE $0F						
  1018 59E9 0F					.BYTE $0F						
  1018 59EA 0F					.BYTE $0F						
  1018 59EB 0F					.BYTE $0F						
  1018 59EC 0F					.BYTE $0F						
  1018 59ED 0F					.BYTE $0F						
  1018 59EE 0F					.BYTE $0F						
  1018 59EF 0F					.BYTE $0F						
Source: demo.asm
  1017 59F0 10				.BYTE $10							
  1017 59F1 4F				.BYTE $4F							
  1017 59F2 00				.BYTE <SCREEN_RAM
  1017 59F3 80				.BYTE >SCREEN_RAM
Source: demo.asm
  1025 					.rept 12
  1026 						.BYTE $0F						
  1027 					.endr
Source: REPT
  1026 59F4 0F					.BYTE $0F						
  1026 59F5 0F					.BYTE $0F						
  1026 59F6 0F					.BYTE $0F						
  1026 59F7 0F					.BYTE $0F						
  1026 59F8 0F					.BYTE $0F						
  1026 59F9 0F					.BYTE $0F						
  1026 59FA 0F					.BYTE $0F						
  1026 59FB 0F					.BYTE $0F						
  1026 59FC 0F					.BYTE $0F						
  1026 59FD 0F					.BYTE $0F						
  1026 59FE 0F					.BYTE $0F						
  1026 59FF 0F					.BYTE $0F						
Source: demo.asm
  1028 5A00 41				.byte $41							; Jump & Wait VBL
  1029 5A01 00				.byte <Display_List
  1030 5A02 59				.byte >Display_List
  1031 = 0103			Display_List_Length	equ *-Display_List
  1032
  1033 				; ---
  1034 02E0-02E1> 00 33			run main
